Chapter,Title,Question,Answer
1,အပြောသင်ခန်းဆိုင်ရာလေ့ကျင့်ခန်းများ,ထိထိရောက်ရောက်စကားပြောဆိုရာမှာ အရေးပါလှတဲ့ သဘောတရားနှစ်ခုက ဘာလဲ။,အသံအနိမ့်အမြင့်နှင့် ဝါကျနိမ့်မြင့်သံ
1,အပြောသင်ခန်းဆိုင်ရာလေ့ကျင့်ခန်းများ,အသံအနိမ့်အမြင့် သဘောတရားကို ဝမ်းတွင်းပါအသိနဲ့ ဖန်တီးလို့ရပါသလား။,ရပါသည်။
1,အပြောသင်ခန်းဆိုင်ရာလေ့ကျင့်ခန်းများ,အသံအနိမ့်အမြင့်တွေကို ဘယ်လိုဖန်တီးယူနိုင်သလဲ။,အသံအနိမ့်အမြင့်တွေကို အပြောစကား၏ လေယူလေသိမ်းနှင့် ထင်ရှားပေါ်လွင်မှုဖြင့် ဖန်တီးယူနိုင်သည်။
1,အပြောသင်ခန်းဆိုင်ရာလေ့ကျင့်ခန်းများ,အသံအနိမ့်အမြင့်လွှဲမှားခဲ့ရင် ဘယ်သူတွေမှာ ရှုပ်ထွေးမှုတွေ ဖြစ်ပေါ်လာနိုင်သလဲ။,ပြောသူရော နာသူတွင်ပါ ရှုပ်ထွေးမှုများ ဖြစ်ပေါ်လာနိုင်သည်။
1,အပြောသင်ခန်းဆိုင်ရာလေ့ကျင့်ခန်းများ,အသံအနိမ့်နှင့် အသံအမြင့်ကို ဘယ်လိုခွဲခြားနိုင်သလဲ။,အသံကြိုးများကို လျော့သွားအောင်ပြုလုပ်လျှင် အနိမ့်သံဖြစ်ပြီး၊ အသံကြိုးများကို တင်းလိုက်လျှင်အမြင့်သံဖြစ်ကြောင်း ခွဲခြားနိုင်သည်။
1,အပြောသင်ခန်းဆိုင်ရာလေ့ကျင့်ခန်းများ,ယဉ်ကျေးတဲ့စကားသံထွက်ချင်ရင် အဆုံးသတ်အသံကို အနိမ့်သံသုံးရသလား။ အမြင့်သံသုံးရသလား။,အနိမ့်သံသုံးရသည်။
1,အပြောသင်ခန်းဆိုင်ရာလေ့ကျင့်ခန်းများ,တစ်ဖက်သားကို အမိန့်ပေးချင်ရင် အဆုံးသတ်အသံကို အနိမ့်သံသုံးရသလား။ အမြင့်သံသုံးရသလား။,အမြင့်သံသုံးရသည်။
1,အပြောသင်ခန်းဆိုင်ရာလေ့ကျင့်ခန်းများ,အသံကြိုးတင်းရင် ဘာသံဖြစ်သလဲ။ လျော့ရင် ဘာသံဖြစ်သလဲ။,အသံကြိုးတင်းရင် အမြင့်သံ။ အသံကြိုးလျော့ရင် အနိမ့်သံ။
1,အပြောသင်ခန်းဆိုင်ရာလေ့ကျင့်ခန်းများ,အသံလေးနဲ့ အသံပေါ့တွေကို ဘယ်လိုခွဲခြားနိုင်သလဲ။,အသံထုတ်လုပ်ရာတွင် အားထုတ်မှုများလျှင် အသံလေးဖြစ်ပြီး၊ အားထုတ်မှုနည်းလျှင် အသံပေါ့ဖြစ်သည်။
1,အပြောသင်ခန်းဆိုင်ရာလေ့ကျင့်ခန်းများ,အလေးပေးချင်တဲ့ အချက်အလက်ကို သိစေချင်ရင် အဲ့ဒီအလေးပေးတဲ့ပုဒ်ကို ထွက်ဆိုရသလား။ အသံပေါ့နဲ့ ထွက်ဆိုရသလား။,အသံလေးနဲ့ ထွက်ဆိုရသည်။
1,အပြောသင်ခန်းဆိုင်ရာလေ့ကျင့်ခန်းများ,အလေးပေးချင်တဲ့ပုဒ်မပါရင်ရော ဝါကျထဲမှာ အသံအလေးအပေါ့ဆိုတာ ရှိသေးသလား။,ပြောသူရဲ့ခံစားမှု အလေးအပေါ့အရ ဝါကျထဲမှာလည်း အလေးအပေါ့ဆိုတာ ရှိနိုင်သည်။
1,အပြောသင်ခန်းဆိုင်ရာလေ့ကျင့်ခန်းများ,အနှေးစကားပြောနှုန်းဆိုတာ ဘာလဲ။,တစ်မိနစ်အတွင်း ပြောဆိုသောစကားလုံးအရေအတွက် ၁၁၀ အောက်နိမ့်ကျသော စကားပြောနှုန်းဖြစ်သည်။
1,အပြောသင်ခန်းဆိုင်ရာလေ့ကျင့်ခန်းများ,အပြန်အလှန်စကားပြောနှုန်းက ဘယ်လောက်ရှိသလဲ။,တစ်မိနစ်အတွင်းပြောသော စကားလုံးအရေအတွက်အနည်းဆုံး ၁၂၀ နှင့် အများဆုံး ၁၆ဝ-၂ဝဝ အကြားဖြစ်သည်။
1,အပြောသင်ခန်းဆိုင်ရာလေ့ကျင့်ခန်းများ,ရေဒီယိုအသံလွှင့်ချက်နဲ့ အင်တာနက်အသံလွှင့်ချက်အတွက် စကားပြောနှုန်း ဘယ်လောက်လဲ။,တစ်မိနစ်အတွင်းပြောသော စကားလုံးအရေအတွက် ၁၅၀-၁၆၀ နှုန်းဖြင့် ရွတ်ဖတ်ပြောဆိုရပါသည်။
1,အပြောသင်ခန်းဆိုင်ရာလေ့ကျင့်ခန်းများ,အမြန်ဆုံးစကားပြောနှုန်းကို ဘယ်နေရာမှာတွေ့နိုင်သလဲ။,ဘောလုံးပွဲတိုက်ရိုက်ထုတ်လွှင့်ကြေညာရာ၌ တွေ့နိုင်သည်။
1,အပြောသင်ခန်းဆိုင်ရာလေ့ကျင့်ခန်းများ,လေလံပွဲ၌ လေလံပစ်ပေးသူ (ကြေညာသူ) သို့မဟုတ် ရုပ်မြင်သံကြား သို့မဟုတ် ရေဒီယိုတိုက်ရိုက်ထုတ်လွှင့်အစီရင်ခံသူအတွက် စကားပြောနှုန်းက ဘယ်လောက်လဲ။,တစ်မိနစ်အတွင်းပြောသော စကားလုံးအရေအတွက် ၂၅ဝ မှ ၄၀၀ အတွင်းဖြစ်ရပါသည်။
1,အပြောသင်ခန်းဆိုင်ရာလေ့ကျင့်ခန်းများ,ထိထိရောက်ရောက်စကားပြောဆိုခြင်းဆိုတာ ဘာလဲ။,စကားလုံးအသုံးအနှုန်း၊ အသံအနိမ့်အမြင့်နှင့် ကိုယ်ဟန်အမူအရာတို့က ထိထိရောက်ရောက် စကားပြောဆိုနိုင်စေသည်။
1,အပြောသင်ခန်းဆိုင်ရာလေ့ကျင့်ခန်းများ,သင်၏စကားအသုံးအနှုန်းကို သင်ကိုယ်တိုင် သတိပြုပြောဆိုပါသလား။,ကိုယ်တိုင်သတိမပြုမိတတ်ကြပေ။
1,အပြောသင်ခန်းဆိုင်ရာလေ့ကျင့်ခန်းများ,အသံအတိုးအကျယ်ကို ဘယ်လိုဖန်တီးယူနိုင်သလဲ။,စကားပြောဆိုရာတွင် အသံအတိုးအကျယ်ကို ကစားပေးခြင်းအားဖြင့် စိတ်ဝင်စားဖွယ် ဖြစ်ပေါ်စေသည်။
1,အပြောသင်ခန်းဆိုင်ရာလေ့ကျင့်ခန်းများ,အသံအနေအထားလွဲမှားခဲ့ရင် ဘယ်လိုရှုပ်ထွေးမှုတွေ ဖြစ်ပေါ်လာနိုင်သလဲ။,သင်၏ပရိသတ်ကို အမှန်တကယ်ရှုပ်ထွေးစေပါသည်။
1,အပြောသင်ခန်းဆိုင်ရာလေ့ကျင့်ခန်းများ,သင်ပြောသောစကားကို လူအများကနားထောင်ပြီး နားမလည်နိုင်ဟုဆိုလာလျှင် အဓိကအကြောင်းက ဘာလဲ။,သင်၏စကားပြောနှုန်းကြောင့် ဖြစ်သည်။
1,အပြောသင်ခန်းဆိုင်ရာလေ့ကျင့်ခန်းများ,ရှင်းလင်းပီသမှုဆိုတာ ဘာလဲ။,အသံကို ကြည်လင်ပီသမှုရှိအောင် ပြောဆိုခြင်း။
1,အပြောသင်ခန်းဆိုင်ရာလေ့ကျင့်ခန်းများ,ဟန်တစ်မျိုးမျိုးထည့်ပေးခြင်းဆိုတာ ဘာလဲ။,သင်စကားပြောသည့်အကြောင်းအရာကိုလိုက်၍ ဟန်တစ်မျိုးမျိုးထည့်ပေးရမည်။
1,အပြောသင်ခန်းဆိုင်ရာလေ့ကျင့်ခန်းများ,စကားပြောနှုန်းဆိုတာ ဘာလဲ။,စကားပြောနှုန်းကို သတ်မှတ်ချိန်ကိုက်ထားရန်၊ နှုန်းတစ်ခုတည်းဖြင့် ပုံသေစကားမပြောဆိုဘဲ စကားပြောနှုန်းကို အမျိုးမျိုးခွဲခြားပြောဆိုတတ်ရန်။
1,အပြောသင်ခန်းဆိုင်ရာလေ့ကျင့်ခန်းများ,အသံကြည်လင်ပီသမှုရှိအောင် မေးရိုးအနေအထားနှင့် နှုတ်ခမ်းအနေအထားတို့ကို ဘယ်လိုထားရသလဲ။,မေးရိုးများကို လွတ်လွတ်လပ်လပ်ရှိပြီး ပွင့်နေသောအနေအထားတွင် ထားရှိပါ။ နှုတ်ခမ်းများကိုသဘာဝကျကျ လှုပ်ရှားစေခြင်း။
1,အပြောသင်ခန်းဆိုင်ရာလေ့ကျင့်ခန်းများ,အကြောင်းအရာနဲ့ ရည်ရွယ်ချက်ကိုလိုက်ပြီး ဟန်တစ်မျိုးမျိုး ဘယ်လိုထည့်ရသလဲ။,သဘာဝကျကျပြောဆိုနိုင်ရန် ဟန်တစ်မျိုးစီ ခွဲခြားပြောဆိုတတ်ရန်။
1,အပြောသင်ခန်းဆိုင်ရာလေ့ကျင့်ခန်းများ,အကောင်းဆုံးစကားပြောနှုန်းကိုရအောင် ဘယ်လိုချိန်ကိုက်ယူရသလဲ။,အလေးပေးစရာရှိရင် အလေးပေးနိုင်ရန် စကားကို အမျိုးမျိုးခွဲခြား ပြောဆိုချင်လာအောင် စကားပြောသည့် နှုန်းကို ချိန်ကိုက်ထားရန်ဖြစ်သည်။
1,အပြောသင်ခန်းဆိုင်ရာလေ့ကျင့်ခန်းများ,စကားပြောကောင်းသူတစ်ဦးဖြစ်လာဖို့ အရေးပါလှတဲ့ သဘောတရားက ဘာလဲ။,သူတစ်ပါးစကားပြောသည်ကို နားစိုက်ထောင်တတ်ဖို့။
1,အပြောသင်ခန်းဆိုင်ရာလေ့ကျင့်ခန်းများ,လူအများဟာ နားထောင်ချင်သူ များလား၊ ပြောဆိုချင်သူ များလား။,ပြောဆိုချင်သူ များသည်။
1,အပြောသင်ခန်းဆိုင်ရာလေ့ကျင့်ခန်းများ,သူတစ်ပါးစကားပြောဆိုတာကို ဂရုစိုက်နားထောင်ခြင်းကြောင့် ဘယ်လိုအကျိုးရှိသလဲ။,သူတစ်ပါးစကားပြောဆိုတာကို ဂရုစိုက်နားထောင်ခြင်းကြောင့် ထိုလူအား အကောင်းဆုံးချီးကျူးခြင်းခံရသည်။
1,အပြောသင်ခန်းဆိုင်ရာလေ့ကျင့်ခန်းများ,ထိထိရောက်ရောက် စကားပြောဆိုရာမှာ အရေးပါတဲ့ ယဉ်ကျေးချေငံမှုဆိုင်ရာ နည်းပရိယာယ် သဘောတရားနှစ်ခုက ဘာလဲ။,အပေါင်းလက္ခဏာသဘောဆောင်သော စကားသုံးနှုန်းပုံ။ အနုတ်လက္ခဏာသဘောဆောင်သော စကားသုံးနှုန်းပုံ။
1,အပြောသင်ခန်းဆိုင်ရာလေ့ကျင့်ခန်းများ,အပေါင်းလက္ခဏာသဘောဆောင်တဲ့ စကားသုံးနှုန်းပုံဆိုတာ ဘာလဲ။,စကားဖြင့် ပြောဆိုဆက်သွယ်သူ ၂ ဦးတို့ တစ်ဦးနှင့်တစ်ဦး သဟဇာတဖြစ်မှု၊ အတူတူ ပူပေါင်းလုပ်ဆောင်မှု တို့ကို ဖော်ညွှန်းသည့်စကားမျိုးဖြစ်သည့် ပုဂ္ဂလဆိုင်ရာ အချက်အလက်များကို အသုံးပြုခြင်း၊ ငယ်နာမည်ပြောင်များကို ခေါ်ဝေါ်ပြောဆိုခြင်း၊ တစ်ခါတစ်ရံ ဆဲသံတိုင်းသံကလေးများ ထည့်ပြောခြင်း၊ အချင်းချင်း နားလည်သော ဗန်းစကားများ၊ ဒေသိယစကားများ ထည့်ပြောခြင်းတို့ ဖြစ်သည်။
1,အပြောသင်ခန်းဆိုင်ရာလေ့ကျင့်ခန်းများ,အနုတ်လက္ခဏာဆောင်တဲ့ စကားသုံးနှုန်းပုံဆိုတာ ဘာလဲ။,တစ်ဦး၏ကိုယ်ပိုင်လွတ်လပ်ခွင့်ကို ထိပါးမည်စိုး၍ ငဲ့ကွက်ထောက်ထားမှုကိုပြသော စကားသုံးနှုန်းပုံ၊ ပြောသူကိုရော၊ နာသူကိုပါ တိုက်ရိုက်ပတ်သက်ခြင်းမရှိသော ပုဂ္ဂလသဘောဆောင်သည့် နာသူ၏ဆန္ဒကို လေးစားလိုက်လျောသည့် စကားမျိုးဖြစ်သည်။
1,အပြောသင်ခန်းဆိုင်ရာလေ့ကျင့်ခန်းများ,ပေါင်းဖွဲ့စည်းလုံးမှု နည်းပရိယာယ်ဆိုတာ ဘာလဲ။,ပြောသူနှင့်နာသူတို့ သဟဇာတဖြစ်မှု၊ ပူးပေါင်းလုပ်ဆောင်မှုတို့ကို ဖော်ညွှန်းသည့်စကားမျိုးကို ပေါင်းဖွဲ့ စည်းလုံးမှုနည်းပရိယာယ်ဟု မှတ်ယူနိုင်သည်။ "တို့တာဝန်" "တို့အရေး" - "တို့"သည် ပေါင်းဖွဲ့စည်းလုံးမှုနည်းပရိယာယ်ပြ သော့ချက်စကားလုံးဖြစ်သည်။
1,အပြောသင်ခန်းဆိုင်ရာလေ့ကျင့်ခန်းများ,ပေါင်းဖွဲ့စည်းလုံးမှု နည်းပရိယာယ်ကိုသုံးရင် ဘယ်လိုအခြေအနေမျိုးတွေမှာ သုံးရသလဲ။,လူစုလူဝေးဖြင့်ဖြစ်စေ၊ တစ်ဦးချင်းဖြစ်စေ အသုံးပြုသည်။ ပြောသူပါ အတူပူးပေါင်းပါဝင်ကြောင်း အတူတူစုပေါင်းလုပ်ဆောင်ရန် စည်းရုံးညှိနှိုင်းစဉ် သုံးရသည်။
1,အပြောသင်ခန်းဆိုင်ရာလေ့ကျင့်ခန်းများ,လေးစားလိုက်လျောမှုနည်းပရိယာယ် ပါဝင်တဲ့ စကားနဲ့ လေးစားလိုက်လျောမှုနည်းပရိယာယ် မပါဝင်တဲ့ စကားတွေကို ဘယ်လိုခွဲခြားနိုင်သလဲ။,ပြောသူက နာသူ၏အခွင့်အရေး၊ လွတ်လပ်ခွင့်တို့ကို ထိပါးမည်စိုး၍ ငဲ့ကွက်ပြောဆိုသည့် စကားမျိုးပါခြင်း၊ မပါခြင်းကို ခွဲခြားနိုင်သည်။
1,အပြောသင်ခန်းဆိုင်ရာလေ့ကျင့်ခန်းများ,လေးစားလိုက်နာမှုနည်းပရိယာယ်ကိုသုံးရင် ဘယ်လိုစကားမျိုးထည့်သုံးရသလဲ။,"အားနာပါတယ်"
1,အပြောသင်ခန်းဆိုင်ရာလေ့ကျင့်ခန်းများ,အကြိုလမ်းခင်းစကား နည်းပရိယာယ်ပါဝင်တဲ့စကားနဲ့ အကြိုလမ်းခင်းစကား နည်းပရိယာယ်မပါဝင်တဲ့စကားတွေကို ဘယ်လိုခွဲခြားနိုင်သလဲ။,"အားနာပါတယ်"၊ "နည်းနည်းများ အချိန်ရပါသလား"၊ "ခဏလေးပါ" စသည့် စကားများပါခြင်း မပါခြင်းဖြင့် ခွဲခြားနိုင်သည်။
1,အပြောသင်ခန်းဆိုင်ရာလေ့ကျင့်ခန်းများ,ထိထိရောက်ရောက်စကားပြောဆိုရာမှာ အရေးပါလှတဲ့ သဘောတရားနှစ်ခုက ဘာလဲ။,အသံအနိမ့်အမြင့်နှင့် ဝါကျနိမ့်မြင့်သံ
1,အပြောသင်ခန်းဆိုင်ရာလေ့ကျင့်ခန်းများ,အသံအနိမ့်အမြင့် သဘောတရားကို ဝမ်းတွင်းပါအသိနဲ့ ဖန်တီးလို့ရပါသလား။,ရပါသည်။
1,အပြောသင်ခန်းဆိုင်ရာလေ့ကျင့်ခန်းများ,အသံအနိမ့်အမြင့်တွေကို ဘယ်လိုဖန်တီးယူနိုင်သလဲ။,အသံအနိမ့်အမြင့်တွေကို အပြောစကား၏ လေယူလေသိမ်းနှင့် ထင်ရှားပေါ်လွင်မှုဖြင့် ဖန်တီးယူနိုင်သည်။
1,အပြောသင်ခန်းဆိုင်ရာလေ့ကျင့်ခန်းများ,အသံအနိမ့်အမြင့်လွှဲမှားခဲ့ရင် ဘယ်သူတွေမှာ ရှုပ်ထွေးမှုတွေ ဖြစ်ပေါ်လာနိုင်သလဲ။,ပြောသူရော နာသူတွင်ပါ ရှုပ်ထွေးမှုများ ဖြစ်ပေါ်လာနိုင်သည်။
1,အပြောသင်ခန်းဆိုင်ရာလေ့ကျင့်ခန်းများ,အသံအနိမ့်နှင့် အသံအမြင့်ကို ဘယ်လိုခွဲခြားနိုင်သလဲ။,အသံကြိုးများကို လျော့သွားအောင်ပြုလုပ်လျှင် အနိမ့်သံဖြစ်ပြီး၊ အသံကြိုးများကို တင်းလိုက်လျှင်အမြင့်သံဖြစ်ကြောင်း ခွဲခြားနိုင်သည်။
1,အပြောသင်ခန်းဆိုင်ရာလေ့ကျင့်ခန်းများ,ယဉ်ကျေးတဲ့စကားသံထွက်ချင်ရင် အဆုံးသတ်အသံကို အနိမ့်သံသုံးရသလား။ အမြင့်သံသုံးရသလား။,အနိမ့်သံသုံးရသည်။
1,အပြောသင်ခန်းဆိုင်ရာလေ့ကျင့်ခန်းများ,တစ်ဖက်သားကို အမိန့်ပေးချင်ရင် အဆုံးသတ်အသံကို အနိမ့်သံသုံးရသလား။ အမြင့်သံသုံးရသလား။,အမြင့်သံသုံးရသည်။
1,အပြောသင်ခန်းဆိုင်ရာလေ့ကျင့်ခန်းများ,အသံကြိုးတင်းရင် ဘာသံဖြစ်သလဲ။ လျော့ရင် ဘာသံဖြစ်သလဲ။,အသံကြိုးတင်းရင် အမြင့်သံ။ အသံကြိုးလျော့ရင် အနိမ့်သံ။
1,အပြောသင်ခန်းဆိုင်ရာလေ့ကျင့်ခန်းများ,အသံလေးနဲ့ အသံပေါ့တွေကို ဘယ်လိုခွဲခြားနိုင်သလဲ။,အသံထုတ်လုပ်ရာတွင် အားထုတ်မှုများလျှင် အသံလေးဖြစ်ပြီး၊ အားထုတ်မှုနည်းလျှင် အသံပေါ့ဖြစ်သည်။
1,အပြောသင်ခန်းဆိုင်ရာလေ့ကျင့်ခန်းများ,အလေးပေးချင်တဲ့ အချက်အလက်ကို သိစေချင်ရင် အဲ့ဒီအလေးပေးတဲ့ပုဒ်ကို ထွက်ဆိုရသလား။ အသံပေါ့နဲ့ ထွက်ဆိုရသလား။,အသံလေးနဲ့ ထွက်ဆိုရသည်။
1,အပြောသင်ခန်းဆိုင်ရာလေ့ကျင့်ခန်းများ,အလေးပေးချင်တဲ့ပုဒ်မပါရင်ရော ဝါကျထဲမှာ အသံအလေးအပေါ့ဆိုတာ ရှိသေးသလား။,ပြောသူရဲ့ခံစားမှု အလေးအပေါ့အရ ဝါကျထဲမှာလည်း အလေးအပေါ့ဆိုတာ ရှိနိုင်သည်။
1,အပြောသင်ခန်းဆိုင်ရာလေ့ကျင့်ခန်းများ,အနှေးစကားပြောနှုန်းဆိုတာ ဘာလဲ။,တစ်မိနစ်အတွင်း ပြောဆိုသောစကားလုံးအရေအတွက် ၁၁၀ အောက်နိမ့်ကျသော စကားပြောနှုန်းဖြစ်သည်။
1,အပြောသင်ခန်းဆိုင်ရာလေ့ကျင့်ခန်းများ,အပြန်အလှန်စကားပြောနှုန်းက ဘယ်လောက်ရှိသလဲ။,တစ်မိနစ်အတွင်းပြောသော စကားလုံးအရေအတွက်အနည်းဆုံး ၁၂၀ နှင့် အများဆုံး ၁၆ဝ-၂ဝဝ အကြားဖြစ်သည်။
1,အပြောသင်ခန်းဆိုင်ရာလေ့ကျင့်ခန်းများ,ရေဒီယိုအသံလွှင့်ချက်နဲ့ အင်တာနက်အသံလွှင့်ချက်အတွက် စကားပြောနှုန်း ဘယ်လောက်လဲ။,တစ်မိနစ်အတွင်းပြောသော စကားလုံးအရေအတွက် ၁၅၀-၁၆၀ နှုန်းဖြင့် ရွတ်ဖတ်ပြောဆိုရပါသည်။
1,အပြောသင်ခန်းဆိုင်ရာလေ့ကျင့်ခန်းများ,အမြန်ဆုံးစကားပြောနှုန်းကို ဘယ်နေရာမှာတွေ့နိုင်သလဲ။,ဘောလုံးပွဲတိုက်ရိုက်ထုတ်လွှင့်ကြေညာရာ၌ တွေ့နိုင်သည်။
1,အပြောသင်ခန်းဆိုင်ရာလေ့ကျင့်ခန်းများ,လေလံပွဲ၌ လေလံပစ်ပေးသူ (ကြေညာသူ) သို့မဟုတ် ရုပ်မြင်သံကြား သို့မဟုတ် ရေဒီယိုတိုက်ရိုက်ထုတ်လွှင့်အစီရင်ခံသူအတွက် စကားပြောနှုန်းက ဘယ်လောက်လဲ။,တစ်မိနစ်အတွင်းပြောသော စကားလုံးအရေအတွက် ၂၅ဝ မှ ၄၀၀ အတွင်းဖြစ်ရပါသည်။
1,အပြောသင်ခန်းဆိုင်ရာလေ့ကျင့်ခန်းများ,ထိထိရောက်ရောက်စကားပြောဆိုခြင်းဆိုတာ ဘာလဲ။,စကားလုံးအသုံးအနှုန်း၊ အသံအနိမ့်အမြင့်နှင့် ကိုယ်ဟန်အမူအရာတို့က ထိထိရောက်ရောက် စကားပြောဆိုနိုင်စေသည်။
1,အပြောသင်ခန်းဆိုင်ရာလေ့ကျင့်ခန်းများ,သင်၏စကားအသုံးအနှုန်းကို သင်ကိုယ်တိုင် သတိပြုပြောဆိုပါသလား။,ကိုယ်တိုင်သတိမပြုမိတတ်ကြပေ။
1,အပြောသင်ခန်းဆိုင်ရာလေ့ကျင့်ခန်းများ,အသံအတိုးအကျယ်ကို ဘယ်လိုဖန်တီးယူနိုင်သလဲ။,စကားပြောဆိုရာတွင် အသံအတိုးအကျယ်ကို ကစားပေးခြင်းအားဖြင့် စိတ်ဝင်စားဖွယ် ဖြစ်ပေါ်စေသည်။
1,အပြောသင်ခန်းဆိုင်ရာလေ့ကျင့်ခန်းများ,အသံအနေအထားလွဲမှားခဲ့ရင် ဘယ်လိုရှုပ်ထွေးမှုတွေ ဖြစ်ပေါ်လာနိုင်သလဲ။,သင်၏ပရိသတ်ကို အမှန်တကယ်ရှုပ်ထွေးစေပါသည်။
1,အပြောသင်ခန်းဆိုင်ရာလေ့ကျင့်ခန်းများ,သင်ပြောသောစကားကို လူအများကနားထောင်ပြီး နားမလည်နိုင်ဟုဆိုလာလျှင် အဓိကအကြောင်းက ဘာလဲ။,သင်၏စကားပြောနှုန်းကြောင့် ဖြစ်သည်။
1,အပြောသင်ခန်းဆိုင်ရာလေ့ကျင့်ခန်းများ,ရှင်းလင်းပီသမှုဆိုတာ ဘာလဲ။,အသံကို ကြည်လင်ပီသမှုရှိအောင် ပြောဆိုခြင်း။
1,အပြောသင်ခန်းဆိုင်ရာလေ့ကျင့်ခန်းများ,ဟန်တစ်မျိုးမျိုးထည့်ပေးခြင်းဆိုတာ ဘာလဲ။,သင်စကားပြောသည့်အကြောင်းအရာကိုလိုက်၍ ဟန်တစ်မျိုးမျိုးထည့်ပေးရမည်။
1,အပြောသင်ခန်းဆိုင်ရာလေ့ကျင့်ခန်းများ,စကားပြောနှုန်းဆိုတာ ဘာလဲ။,စကားပြောနှုန်းကို သတ်မှတ်ချိန်ကိုက်ထားရန်၊ နှုန်းတစ်ခုတည်းဖြင့် ပုံသေစကားမပြောဆိုဘဲ စကားပြောနှုန်းကို အမျိုးမျိုးခွဲခြားပြောဆိုတတ်ရန်။
1,အပြောသင်ခန်းဆိုင်ရာလေ့ကျင့်ခန်းများ,အသံကြည်လင်ပီသမှုရှိအောင် မေးရိုးအနေအထားနှင့် နှုတ်ခမ်းအနေအထားတို့ကို ဘယ်လိုထားရသလဲ။,မေးရိုးများကို လွတ်လွတ်လပ်လပ်ရှိပြီး ပွင့်နေသောအနေအထားတွင် ထားရှိပါ။ နှုတ်ခမ်းများကိုသဘာဝကျကျ လှုပ်ရှားစေခြင်း။
1,အပြောသင်ခန်းဆိုင်ရာလေ့ကျင့်ခန်းများ,အကြောင်းအရာနဲ့ ရည်ရွယ်ချက်ကိုလိုက်ပြီး ဟန်တစ်မျိုးမျိုး ဘယ်လိုထည့်ရသလဲ။,သဘာဝကျကျပြောဆိုနိုင်ရန် ဟန်တစ်မျိုးစီ ခွဲခြားပြောဆိုတတ်ရန်။
1,အပြောသင်ခန်းဆိုင်ရာလေ့ကျင့်ခန်းများ,အကောင်းဆုံးစကားပြောနှုန်းကိုရအောင် ဘယ်လိုချိန်ကိုက်ယူရသလဲ။,အလေးပေးစရာရှိရင် အလေးပေးနိုင်ရန် စကားကို အမျိုးမျိုးခွဲခြား ပြောဆိုချင်လာအောင် စကားပြောသည့် နှုန်းကို ချိန်ကိုက်ထားရန်ဖြစ်သည်။
1,အပြောသင်ခန်းဆိုင်ရာလေ့ကျင့်ခန်းများ,စကားပြောကောင်းသူတစ်ဦးဖြစ်လာဖို့ အရေးပါလှတဲ့ သဘောတရားက ဘာလဲ။,သူတစ်ပါးစကားပြောသည်ကို နားစိုက်ထောင်တတ်ဖို့။
1,အပြောသင်ခန်းဆိုင်ရာလေ့ကျင့်ခန်းများ,လူအများဟာ နားထောင်ချင်သူ များလား၊ ပြောဆိုချင်သူ များလား။,ပြောဆိုချင်သူ များသည်။
1,အပြောသင်ခန်းဆိုင်ရာလေ့ကျင့်ခန်းများ,သူတစ်ပါးစကားပြောဆိုတာကို ဂရုစိုက်နားထောင်ခြင်းကြောင့် ဘယ်လိုအကျိုးရှိသလဲ။,သူတစ်ပါးစကားပြောဆိုတာကို ဂရုစိုက်နားထောင်ခြင်းကြောင့် ထိုလူအား အကောင်းဆုံးချီးကျူးခြင်းခံရသည်။
1,အပြောသင်ခန်းဆိုင်ရာလေ့ကျင့်ခန်းများ,ထိထိရောက်ရောက် စကားပြောဆိုရာမှာ အရေးပါတဲ့ ယဉ်ကျေးချေငံမှုဆိုင်ရာ နည်းပရိယာယ် သဘောတရားနှစ်ခုက ဘာလဲ။,အပေါင်းလက္ခဏာသဘောဆောင်သော စကားသုံးနှုန်းပုံ။ အနုတ်လက္ခဏာသဘောဆောင်သော စကားသုံးနှုန်းပုံ။
1,အပြောသင်ခန်းဆိုင်ရာလေ့ကျင့်ခန်းများ,အပေါင်းလက္ခဏာသဘောဆောင်တဲ့ စကားသုံးနှုန်းပုံဆိုတာ ဘာလဲ။,စကားဖြင့် ပြောဆိုဆက်သွယ်သူ ၂ ဦးတို့ တစ်ဦးနှင့်တစ်ဦး သဟဇာတဖြစ်မှု၊ အတူတူ ပူပေါင်းလုပ်ဆောင်မှု တို့ကို ဖော်ညွှန်းသည့်စကားမျိုးဖြစ်သည့် ပုဂ္ဂလဆိုင်ရာ အချက်အလက်များကို အသုံးပြုခြင်း၊ ငယ်နာမည်ပြောင်များကို ခေါ်ဝေါ်ပြောဆိုခြင်း၊ တစ်ခါတစ်ရံ ဆဲသံတိုင်းသံကလေးများ ထည့်ပြောခြင်း၊ အချင်းချင်း နားလည်သော ဗန်းစကားများ၊ ဒေသိယစကားများ ထည့်ပြောခြင်းတို့ ဖြစ်သည်။
1,အပြောသင်ခန်းဆိုင်ရာလေ့ကျင့်ခန်းများ,အနုတ်လက္ခဏာဆောင်တဲ့ စကားသုံးနှုန်းပုံဆိုတာ ဘာလဲ။,တစ်ဦး၏ကိုယ်ပိုင်လွတ်လပ်ခွင့်ကို ထိပါးမည်စိုး၍ ငဲ့ကွက်ထောက်ထားမှုကိုပြသော စကားသုံးနှုန်းပုံ၊ ပြောသူကိုရော၊ နာသူကိုပါ တိုက်ရိုက်ပတ်သက်ခြင်းမရှိသော ပုဂ္ဂလသဘောဆောင်သည့် နာသူ၏ဆန္ဒကို လေးစားလိုက်လျောသည့် စကားမျိုးဖြစ်သည်။
1,အပြောသင်ခန်းဆိုင်ရာလေ့ကျင့်ခန်းများ,ပေါင်းဖွဲ့စည်းလုံးမှု နည်းပရိယာယ်ဆိုတာ ဘာလဲ။,ပြောသူနှင့်နာသူတို့ သဟဇာတဖြစ်မှု၊ ပူးပေါင်းလုပ်ဆောင်မှုတို့ကို ဖော်ညွှန်းသည့်စကားမျိုးကို ပေါင်းဖွဲ့ စည်းလုံးမှုနည်းပရိယာယ်ဟု မှတ်ယူနိုင်သည်။ "တို့တာဝန်” "တို့အရေး” - "တို့”သည် ပေါင်းဖွဲ့စည်းလုံးမှုနည်းပရိယာယ်ပြ သော့ချက်စကားလုံးဖြစ်သည်။
1,အပြောသင်ခန်းဆိုင်ရာလေ့ကျင့်ခန်းများ,ပေါင်းဖွဲ့စည်းလုံးမှု နည်းပရိယာယ်ကိုသုံးရင် ဘယ်လိုအခြေအနေမျိုးတွေမှာ သုံးရသလဲ။,လူစုလူဝေးဖြင့်ဖြစ်စေ၊ တစ်ဦးချင်းဖြစ်စေ အသုံးပြုသည်။ ပြောသူပါ အတူပူးပေါင်းပါဝင်ကြောင်း အတူတူစုပေါင်းလုပ်ဆောင်ရန် စည်းရုံးညှိနှိုင်းစဉ် သုံးရသည်။
1,အပြောသင်ခန်းဆိုင်ရာလေ့ကျင့်ခန်းများ,လေးစားလိုက်လျောမှုနည်းပရိယာယ် ပါဝင်တဲ့ စကားနဲ့ လေးစားလိုက်လျောမှုနည်းပရိယာယ် မပါဝင်တဲ့ စကားတွေကို ဘယ်လိုခွဲခြားနိုင်သလဲ။,ပြောသူက နာသူ၏အခွင့်အရေး၊ လွတ်လပ်ခွင့်တို့ကို ထိပါးမည်စိုး၍ ငဲ့ကွက်ပြောဆိုသည့် စကားမျိုးပါခြင်း၊ မပါခြင်းကို ခွဲခြားနိုင်သည်။
1,အပြောသင်ခန်းဆိုင်ရာလေ့ကျင့်ခန်းများ,လေးစားလိုက်နာမှုနည်းပရိယာယ်ကိုသုံးရင် ဘယ်လိုစကားမျိုးထည့်သုံးရသလဲ။,""အားနာပါတယ်”
1,အပြောသင်ခန်းဆိုင်ရာလေ့ကျင့်ခန်းများ,အကြိုလမ်းခင်းစကား နည်းပရိယာယ်ပါဝင်တဲ့စကားနဲ့ အကြိုလမ်းခင်းစကား နည်းပရိယာယ်မပါဝင်တဲ့စကားတွေကို ဘယ်လိုခွဲခြားနိုင်သလဲ။,""အားနာပါတယ်””၊ ""နည်းနည်းများ အချိန်ရပါသလား”၊ "ခဏလေးပါ” စသည့် စကားများပါခြင်း မပါခြင်းဖြင့် ခွဲခြားနိုင်သည်။
1,အပြောသင်ခန်းဆိုင်ရာလေ့ကျင့်ခန်းများ,လိမ္မာပါးနပ်မှုလမ်းညွှန်ဆိုတာ ဘာလဲ။ ဘယ်သူ့ကို အခြေပြုသလဲ။,ပြောသူက မိမိစကားကြောင့် နာသူဝန်ပိုမသွားအောင် ဝန်လေးမသွားအောင် လိမ္မာပါးနပ်စွာ ပြောခြင်း၊ နာသူအကျိုးကို အလေးထားသည့် သဘောပေါ်အောင် လိမ္မာပါးနပ်စွာပြောခြင်းကို လိမ္မာပါးနပ်မှုလမ်းညွှန်ဟူ၍ ခေါ်ဆိုသည်။ တစ်ဖက်လူကို အခြေပြုသည်။
1,အပြောသင်ခန်းဆိုင်ရာလေ့ကျင့်ခန်းများ,လိမ္မာပါးနပ်မှုလမ်းညွှန်၏ သွင်ပြင်သုံးရပ်က ဘာတွေလဲ။,"ပထမသွင်ပြင်မှာ နာသူဝန်မလေးအောင် "ဖော့”သုံးသည့် စကားမျိုးထည့်ပြောခြင်း၊
ဒုတိယသွင်ပြင်မှာ နာသူကို ရွေးချယ်ခွင့်ပေးခြင်း၊
တတိယသွင်ပြင်မှာ နာသူအကျိုးရှိမည့်ကိစ္စကို တိုက်ရိုက်ပြောခြင်း၊ "
1,အပြောသင်ခန်းဆိုင်ရာလေ့ကျင့်ခန်းများ,လိမ္မာပါးနပ်မှုလမ်းညွှန်ကိုသုံးပြီး အပြောစကားတစ်ခွန်း ရေးပြပါ။," ရော့... မင်းစားဖို့ ခေါက်ဆွဲကြော်ဝယ်လာတယ်။ စား။”
1,အပြောသင်ခန်းဆိုင်ရာလေ့ကျင့်ခန်းများ,ရက်ရောမှုလမ်းညွှန်ဆိုတာ ဘာလဲ။ ဘယ်သူ့ကို အခြေပြုသလဲ။,"- မိမိကို အကျိုးရှိစေမည့်အဖြစ်မျိုး နည်းနိုင်သမျှနည်းအောင် အစွမ်းကုန်လျှော့ချပြောရကြောင်း။
- မိမိအတွက် ဝန်ပိုစေမည့်အဖြစ်မျိုး များနိုင်သမျှများအောင် မြှင့်ပြောရကြောင်း
- ရက်ရောမှုလမ်းညွှန်က မိမိကိုယ်ကို အခြေပြုသည်။"
1,အပြောသင်ခန်းဆိုင်ရာလေ့ကျင့်ခန်းများ,အသိအမှတ်ပြုလမ်းညွှန်ရဲ့ သွင်ပြင်နှစ်ရပ်က ဘာလဲ။,"- တစ်ဖက်လူ၏ အားနည်းချက် ပျော့ကွက်ကို ဖော်ထုတ်သည့်အဖြစ်မျိုး နည်းနိုင်သမျှနည်းအောင် အစွမ်းကုန် လျော့ချပြောခြင်း
- တစ်ဖက်လူ၏ အားသာချက်ကောင်းကွက်ကို ဖော်ထုတ်သည့်အဖြစ်မျိုး များနိုင်သမျှများအောင် အစွမ်းကုန်မြှင့်ပြောခြင်း"
1,အပြောသင်ခန်းဆိုင်ရာလေ့ကျင့်ခန်းများ,သဘောတူညီမှုလမ်းညွှန်ဆိုတာ ဘာလဲ။ ဘာကို အခြေပြုသလဲ။,"-မိမိနှင့်တစ်ဖက်လူတို့ သဘောတူညီမှုမရှိသည့်အဖြစ်မျိုး နည်းနိုင်သမျှနည်းအောင် အစွမ်းကုန်လျော့ချပြောဆိုပါ။
 - မိမိနှင့်တစ်ဖက်လူတို့ သဘောတူညီမှုမရှိသည့် အဖြစ်မျိုး များနိုင်သမျှ များအောင် အစွမ်းကုန် မြှင့်ပြောပါ။
- အတန်အသင့်လိုက်လျောခြင်းကို အခြေပြုသည်။"
1,အပြောသင်ခန်းဆိုင်ရာလေ့ကျင့်ခန်းများ,စာနာမှုလမ်းညွှန်ရဲ့ သွင်ပြင်နှစ်ရပ်က ဘာတွေလဲ။,"- ပထမသွင်ပြင်လက္ခဏာရပ်မှာ မိမိနှင့် တစ်ဖက်လူတို့ကြားတွင် မလိုလားမှု ပွားများစေနိုင်သည့် အဖြစ်မျိုး နည်းနိုင်သမျှနည်းအောင် အစွမ်းကုန် လျော့ချပြောရခြင်း။
- ဒုတိယသွင်ပြင်လက္ခဏာရပ်မှာ မိမိနှင့်တစ်ဖက်လူတို့ကြားတွင် စာနာနားလည်မှု ပွားများစေနိုင်သည့် အဖြစ်မျိုးများနိုင်သမျှ များအောင် အစွမ်းကုန် မြှင့်ပြောရခြင်း။"
1,အပြောသင်ခန်းဆိုင်ရာလေ့ကျင့်ခန်းများ,စာနာမှုလမ်းညွှန်က ဘာကို အခြေပြုသလဲ။,"နာသူအတွက် အကျိုးရှိမှုနှင့် ဝန်ပိုမှုကို အခြေပြုသည်။
- နာသူအကျိုးရှိလျှင် ယဉ်ကျေးချေငံမှုပိုရှိလေ ဖြစ်သည်။
- နာသူအတွက် ဝန်ပိုမှုဖြစ်လျှင် ယဉ်ကျေးချင်မှုလျော့လေ ဖြစ်သည်။"
1,အပြောသင်ခန်းဆိုင်ရာလေ့ကျင့်ခန်းများ,စာနာမှုလမ်းညွှန်အသုံးပြုပြီး စကားတစ်ခွန်းပြောပါ။,"ခင်ဗျား ဂုဏ်ထူးဆောင်ဘွဲ့ချီးမြှင့်ခြင်းခံရသည့်အတွက် ဝမ်းသာပါတယ်။”
1,အပြောသင်ခန်းဆိုင်ရာလေ့ကျင့်ခန်းများ,"သဘောတူညီချက်လမ်းညွှန်ကိုသုံးပြီး စကားတစ်ခွန်းပြောပါ။","""ဒီဆိုင်က မုန့်ဟင်းခါးက သိပ်ကောင်းတာပဲနော်”
"အင်း ကောင်းပါတယ်။ ဒါပေမဲ့ ငါးနည်းသလိုပဲ”"
1,အပြောသင်ခန်းဆိုင်ရာလေ့ကျင့်ခန်းများ,အသိအမှတ်ပြုလမ်းညွှန်ကိုသုံးပြီး စကားတစ်ခွန်း ပြောပါ။,"မေမေက ဟင်းချက်သိပ်ကောင်းတာပဲ။ မေမေချက်တဲ့နေ့ဆို ထမင်းမလောက်ဘူး။”
2.1,ညောင်ရမ်းကြီးသမီး,ညောင်ရမ်းကြီးသမီးကား မည်သူနည်း။,နရပတိစည်သူမင်း၏သားတော် ကကံသူ၏ဇနီး၊ ညောင်ရမ်းကြီး၏သမီး။
2.1,ညောင်ရမ်းကြီးသမီး,ပုဂံခေတ်၌ သက္ကရာဇ်အခိုင်အမာနှင့် အစောဆုံးကျောက်စာကား အဘယ်နည်း။,ပုဂံခေတ်၌ သက္ကရာဇ် ၄၇၄ ခုနှစ် ရေးထိုးသော ရာဇကုမာရ်ကျောက်စာ ဖြစ်သည်။
2.1,ညောင်ရမ်းကြီးသမီး,ကျောက်စာစကားပြေဆိုတာ ဘယ်လိုစကားပြေမျိုးလဲ။,ကျောက်စာစကားပြေဆိုသည်မှာ ကျောက်သားမျက်နှာထက်တွင် ထွင်းထုရေးသားထားပြီး ကဗျာကဲ့သို့ ကာရန်ကိုလုံးဝမသုံးဘဲဖြစ်စေ၊ သုံးလျှင်လည်း ကဗျာကဲ့သို့ စနစ်တကျမသုံးဘဲဖြစ်စေ ပြေပြေပြစ်ပြစ် ရေးသားထားသောစာမျိုး ဖြစ်သည်။
2.1,ညောင်ရမ်းကြီးသမီး,ကျောက်စာပါအလှူရှင်က ဘာကြောင့် အလှူပြုသလဲ။,မိမိ၏ခင်ပွန်း ကက်သူပျံတော်မူ၍ အတည်မရှိသောတရားကိုသိ၍ သံဝေဂရကာ အလှူပြုခြင်းဖြစ်သည်။
2.1,ညောင်ရမ်းကြီးသမီး,အလှူမှတ်တမ်းတင်ကျောက်စာ၏ အင်္ဂါရပ်များကို ဖော်ပြပါ။,အလှူမှတ်တမ်းတင်ကျောက်စာတစ်ချပ်တွင် အလှူပြုသောအချိန်၊ အလှူရှင်၊ အလှူပြုရခြင်း၏ ရည်ရွယ်ချက်၊ အလှူအကြောင်းအရာ၊ အလှူပစ္စည်း၊ အလှူခံပုဂ္ဂိုလ်၊ ဆုတောင်းအမျှဝေ၊ ကျိန်စာတို့ဖြစ်သည်။ ညောင်ရမ်းကြီးသမီးကျောက်စာသည် ကြောင်းရေ ၁ မှ ၁၃ အထိသာ ထုတ်နုတ်တင်ပြထားသည့်အတွက် ဆုတောင်း၊ အမျှဝေ၊ ကျိန်စာတို့မပါကြောင်း၊ မူရင်းကျောက်စာအတွင် အပြည့်အစုံပါသည်။
2.1,ညောင်ရမ်းကြီးသမီး,ကျောက်စာပါ အကြောင်းအရာအရ ပုဂံခေတ်မှာ ဘယ်လိုအလုပ်အကိုင်တွေ လုပ်ကိုင်နေကြလဲ။,လယ်အလုပ်၊ ဥယျာဉ်ခြံအလုပ်၊ ရွှေထည်ငွေထည် ပန်းထိမ်အလုပ်၊ ဘုရားတည်၊ ကျောင်းဆောက် ပန်းရံ လက်သမားအလုပ်၊ ပန်းချီပန်းပုအလုပ်၊ ပန်းတော့၊ ပန်းတမော့၊ ပန်းတဉ်းအလုပ်၊ ကြေးနီ၊ ကြေးဖြူ၊  ခုံလောက် (ခနောက်စိမ်း) ပတ္တမြား၊ သလွဲ (ခဲမဖြူ) စသည့် သတ္ထုတူးဖော်သည့်အလုပ်။
2.1,ညောင်ရမ်းကြီးသမီး,ပုဂံခေတ် အလှူရှင်တွေဟာ မိမိတို့အလှူကို ဘာကြောင့် ကျောက်စာနဲ့မှတ်တမ်းတင်ကြသလဲ။,ပုဂံခေတ်အလှူရှင်တွေဟာ မိမိတို့အလှူကို ကြာရှည်တည်တံ့ခိုင်မြဲနေစေရန် ကျောက်စာနှင့် မှတ်တမ်းတင်ကြသည်။
2.2, သစ္စာနှင့်ပညာ,ပါရာယနဝတ္ထုဟု အဘယ်ကြောင့်ခေါ်သနည်း။,သံသရာတစ်ဖက်ကမ်းဖြစ်သော နိဗ္ဗာန်သို့သွားရာလမ်းခရီးသဖွယ်ဖြစ်သည့် ကျင့်ဝတ်တို့ကို ညွှန်ပြသောကြောင့် "ပါရာယနဝတ္ထု”ဟုခေါ်သည်။
2.2, သစ္စာနှင့်ပညာ,ပါရာယနဝတ္ထုတွင် မည်သည့်အကြောင်းအရာများ ရေးဖွဲ့ထားသနည်း။,မြတ်စွာဘုရားရှင်လက်ထက်က မြတ်စွာဘုရားပြီးလျှင် အတော်ဆုံး အထူးချွန်ဆုံး "တဒဂ်”ဘွဲ့ရသူမြတ်ရှစ်ဦးအကြောင်းကို ရေးဖွဲ့ထားသည်။
2.2, သစ္စာနှင့်ပညာ,မြန်မာဇာတကဝတ္ထုလောကတွင် ရှေးအကျဆုံးဝတ္ထုကို ဖော်ပြပါ။,ပါရာယနဝတ္ထု
2.2, သစ္စာနှင့်ပညာ,သစ္စာနှင့်ပညာသည် ပါရာယနဝတ္ထုတွင် မည်သည့်အပိုင်းတွင် ပါဝင်သနည်း။,မြတ်စွာဘုရားရှင်က အာဠာဝကဘီလူးအား ဆုံးမခန်းတွင် ပါဝင်သည်။
2.2, သစ္စာနှင့်ပညာ,ပါရာယနဝတ္ထုသည် မည်သည့်ဝတ္ထုမျိုးဖြစ်သနည်း။,ဗုဒ္ဓစာပေဆိုင်ရာဝတ္ထု ဖြစ်သည်။
2.2, သစ္စာနှင့်ပညာ,အင်းဝခေတ်မှာ ထင်ရှားသောစာဆိုများကို ဖော်ပြပါ။,ရှင်မဟာရဋ္ဌသာရ၊ ရှင်အုန်းညို၊ ရှင်မဟာကစ္စည်း၊ ရှင်အဂ္ဂသမာဓိ
2.2, သစ္စာနှင့်ပညာ,အင်းဝခေတ်မှာ ထင်ရှားသောစာဆိုများကို ဖော်ပြပါ။,ပျို့၊ ရတု၊ မော်ကွန်း၊ ဆုံးမစာ၊ ကဗျာလင်္ကာများ။
2.2, သစ္စာနှင့်ပညာ,ရှင်မဟာသီလဝံသရေးသားခဲ့သောစာများကို ဖော်ပြပါ။,ပါရမီတော်ခန်းပျို့၊ ဆုတောင်းခန်းပျို့၊ တောင်းတွင်းလာပျို့၊ ရွှေနန်းကြော့ရှင်နန်းဘွဲ့မော်ကွန်း၊ တံတားဦးတည်မော်ကွန်း၊ ဆုံးမစာ
2.3,ခေတ် ,တင်မောင်မြင့်ကလောင်အမည်က ဘယ်သူလဲ။,သိပ္ပံမောင်ဝ
2.3,ခေတ် ,တခြားကလောင်ခွဲတွေ ရှိပါသလား။,သိပ္ပံကျောင်းသား မောင်မြသွင်၊ ခေတ်စမ်းမောင်၊ ဂုဏ်မက်သူ၊ တင်တင်ထွေး၊ ရန်ကုန်သိမ်းဖေ၊ မောင်လူအေး။
2.3,ခေတ်,အင်္ဂလန်ကို ဘာကြောင့်သွားရတာလဲ။,အိန္ဒိယနိုင်ငံ အိုင်-စီ-အက်စ် စာမေးပွဲအောင်မြင်သဖြင့် အင်္ဂလန်ပြည်သို့ စေလွှတ်ခြင်းခံရသည်။
2.3,ခေတ်,ခေတ်စကားပြေကိုဖတ်ပြီး ဘယ်လိုဗဟုသုတတွေ ရသလဲ။,ခေတ်ဆန်ခြင်း၌ ကောင်းသောခေတ်ဆန်ခြင်းနှင့် ဆိုးသောခေတ်ဆန်ခြင်းနှစ်မျိုးရှိရာ ကောင်းသောခေတ်ဆန်ခြင်းတို့ကိုသာ တီထွင်သင့်ကြောင်း ဗဟုသုတရစေသည်။
2.3,ခေတ်,ကောင်းသောခေတ်ဆန်ခြင်းဆိုတာ ဘယ်လိုဟာတွေလဲ။ ဘာကြောင့်လဲ။,မီးရထား၊ မီးသင်္ဘော၊ ဓာတ်ရထား၊ မော်တော်ကား၊ လေယာဉ်ပျံ စသည်တို့ အသစ်တီထွင်ခြင်းကား ကောင်းသောခေတ်ဆန်ခြင်း၊ အကျိုးရှိသော ခေတ်ဆန်ခြင်းဖြစ်၍ အားပေးတိုက်တွန်းထိုက်ပေသည်။ ခေတ်ဆန်သူတို့ ကျေးဇူးကြောင့်သာ စီးဖူးကြ၊ မြင်ဖူးကြရပေသည်။
2.3,ခေတ်,ခေတ်ဟူသော စကားလုံး၏သြဇာ ဘယ်လောက်ကြီးမားသလဲ။,ခေတ်တည်းဟူသော စက်ကွင်းအတွင်း၌ လူအပေါင်းလည်ပတ်နေကြရသည်။ ယောက်ျား မိန်းမ မည်သူမဆို ခေတ်၏ကျွန်များ ဖြစ်နေကြရသည်။
2.3,ခေတ်,ခေတ်ဆန်ခြင်းအပေါ် လူတွေရဲ့ စိတ်သဘောထားက ဘယ်လိုရှိသလဲ။,ခေတ်ဆန်ခြင်း၊ အသစ်ထွင်ခြင်းကို ကြိုက်လည်းမကြိုက်ကြ။ မကြိုက်ဘဲလည်း မနေနိုင်ကြ။
2.3,ခေတ်,သင်ရော ဘယ်လိုခေတ်ဆန်ခြင်းမျိုးကို နှစ်သက်ပါသလဲ။,ကောင်းသောခေတ်ဆန်ခြင်းကို နှစ်သက်ပါတယ်။
2.4,မလုပ်မစား,ပီမိုးနင်းရဲ့ဇာတာအမည်က ဘယ်သူလဲ။,မောင်ကျော်ညွန့်
2.4,မလုပ်မစား,ပီမိုးနင်းဟာ ပညာ့အလင်းသတင်းစာမှာ ဆောင်းပါးတွေကို ဘယ်အမည်နဲ့ ရေးသလဲ။,ပိုက်ဆံကြီး
2.4,မလုပ်မစား,ပီမိုးနင်းဟာ ဘယ်ဝတ္ထုရှည်ကြီးတွေကို ရေးခဲ့သလဲ။,နေရီရီ၊ ပွဲစားကြီးသားအဖနှင့်မြမြ
2.4,မလုပ်မစား,ပီမိုးနင်းဆိုတဲ့ ကလောင်အမည်ကို ဘယ်လိုရလာသလဲ။,အင်္ဂလိပ်ကျောင်းက အမည် ဖီးလစ် (Phillip) မှ P ကို အဖျားဆွတ်၍ ငယ်မည်မိုးနှင်းနှင့်ပေါင်းစပ်ကာ ပီမိုးနင်းအမည်ကို ခံယူခဲ့သည်။
2.4,မလုပ်မစား,ပီမိုးနင်းဟာ နိုင်ငံရပ်ခြားက ဘယ်ကျောင်းမှာ ပညာဆက်လက်သင်ယူခဲ့သလဲ။,ပြင်သစ်ပြည်၊ ပဲရစ်မြို့တော်မှ ခွဲထားသော သိပ္ပံကျောင်းတွင် ဆက်လက် ပညာသင်ကြားခဲ့သည်။
2.4,မလုပ်မစား,မလုပ်မစားဝတ္ထုတိုမှာ ဘယ်အကြောင်းအရာကို ပညာပေးရေးဖွဲ့ထားသလဲ။,မိမိလုပ်သောအလုပ်နှင့် ထိုက်တန်သည့်အစာကိုမှ စားရမည့်အကြောင်းနှင့် တစ်ပဲတန်လုပ်ပြီး ငါးပြားတန်မစားရန်၊ တစ်မူးတန်လုပ်ရမှ တစ်ပဲတန်စားရမည်ဆိုသည့် အကြောင်းကို အသိပညာပေး ရေးဖွဲ့ထားသည်။
2.4,မလုပ်မစား,ပီမိုးနင်းရဲ့ အတ္ထုပ္ပတ္တိမှ မှတ်မိတဲ့အချက်တစ်ချက်ကို ဖော်ပြပါ။,နော်လိပ်မဂ္ဂဇင်းတွင် အယ်ဒီတာလုပ်ခဲ့ပြီး "ဦးလေပွေ”အမည်ဖြင့် အင်္ဂလိပ်ဆောင်းပါးများ ရေးခဲ့ကြောင်း။
2.4,မလုပ်မစား,မလုပ်မစားဝတ္ထုတိုမှာ ဇာတ်ဆောင်ဘယ်နှစ်ယောက်ပါသလဲ။,ငါးဦး
2.4,မလုပ်မစား,ဝတ္ထုတိုအင်္ဂါရပ်တွေက ဘာတွေလဲ။ ဘာအကြောင်း ရေးထားတာလဲ။,"ဇာတ်လမ်း၊ ဇာတ်ဆောင်၊ ကာလဒေသနောက်ခံအဖွဲ့တို့ ဖြစ်သည်။
မိမိအလုပ်နှင့်ထိုက်တန်သည့်အစာကိုသာ စားရမည့်အကြောင်း ပညာပေးရေးဖွဲ့ထားသော ဝတ္ထုတိုတစ်ပုဒ်ဖြစ်သည်။"
2.4,မလုပ်မစား,ဇာတ်ဆောင်စရိုက်ကို ဘယ်လိုစရိုက်ဖြင့် ပုံဖော်ခဲ့သလဲ။,"ဇာတ်ဆောင်အပြောဖြင့်လည်းကောင်း၊ အပြုအမူဖြင့်လည်းကောင်း၊ အတွေးအကြံဖြင့်လည်းကောင်း၊
အခြားဇာတ်ဆောင်တို့၏ ပြောဆိုပြုမူဆက်ဆံပုံများဖြင့်လည်းကောင်း၊ စာရေးဆရာက တိုက်ရိုက်ပြောသော
နည်းဖြင့်လည်းကောင်း၊ ဇာတ်ဆောင်စရိုက်ဖော်နည်း ငါးမျိုးစလုံးဖြင့် ပုံဖော်ထားသည်။"
2.4,မလုပ်မစား,မောင်ရင်၏စရိုက်က ဘယ်လိုစရိုက်မျိုးလဲ။,မိဘစကားနားထောင်သူ၊ ကတိတည်သူ၊ သစ္စာရှိရိုးသားသူ၊ ကြိုးစားသူ၊ မလုပ်လျှင် မစား၊ လုပ်မှစားသူ။
2.4,မလုပ်မစား,မလုပ်မစားဝတ္ထုမှာ ဇာတ်ဆောင်စရိုက်တွေက ဘယ်လိုရသမြောက်သလဲ။,"- ဦးရွှေသာနှင့် မောင်ရင်တို့ အပြန်အလှန်ပြောဆိုပုံ - ကရုဏာရသ
- သူကြီးနှင့် သူကြီးကတော်တို့ မောင်ရင်အပေါ်ထားရှိသည့် စေတနာ မေတ္တာ - သန္တရသ
- မောင်ရင်နှင့် မယ်လုံတို့၏ မေတ္တာ - သိင်္ဂါရရသ"
2.4,မလုပ်မစား,မလုပ်မစားဝတ္ထုတိုမှ စရိုက်သရုပ်ဖော်အဖွဲ့များသည် ရည်ရွယ်ချက်ကို ဖော်ဆောင်နိုင်ပါသလား။,ဖော်ဆောင်နိုင်ပါသည်။
2.5,စာဘူးတောင်း,စာဘူးတောင်းငှက်ကလေးက အသိုက်ဆောက်ရန် ဘယ်လိုနေရာကို ရွေးသလဲ။,"သစ်ပင်များ၏အဖျားဝယ် တွဲလျားခိုကာ လုပ်လီလုပ်လဲ့ တနွဲ့နွဲ့နှင့် လေကစားရာသို့ ကြွားတလူလူဝေလျက်
ရှိနေ၏။ မြင့်သောနေရာကိုမှ ရွေး၍နေသည်။"
2.5,စာဘူးတောင်း,အသိုက်ကို ဘယ်လိုဆောက်သွားတာလဲ။," မြက်မြက်ချင်း၊ ကောက်ရိုးကောက်ရိုးချင်း တစ်ပင်ချင်း တစ်မျှင်ချင်းထပ်ကာထပ်ကာ ဖွဲ့ထား၏။
လေဝှေ့သော်ငြားလည်း ရွေ့သောအမျှင်တစ်မျှင်မျှ မရှိစေရ။ ကော်နှင့်ကပ်ထားသကဲ့သို့ မြဲ၍ခိုင်လည်း
နိုင်သည်။ သေလည်း သေသပ်သည်။ အလျား ၂ဝ လက်မ ပတ်ဝန်းကျင်နှင့် လုံးပတ်မှာ ထွာဆိုင်သာသာ
ရှိ၏။ မြက်မှိုက်အချောင်းကလေးများကိုစီ၍ ရက်ကန်းရက်သလို ရက်ထား၏။
"
2.5,စာဘူးတောင်း,"အကျိုးစီးပွားဖြစ်လာသောအခါတွင်လည်း ထိန်းသိမ်းစောင့်ရှောက်ရန် လိုအပ်ပုံ ချမ်းသာစွာနေနိုင်ရန် အချက်
၄ ချက်ကို ရှင်းပြပါ။
","၁။ ကြိုးစားရှာ
၂။ ကောင်းစွာစောင့်ရှောက်
၃။ ဝင်ပေါက်နှင့်ထွက်ပေါက်မျှတစေ
၄။ မိတ်ဆွေကောင်းကို စောင့်ပါလေ
"
2.5,စာဘူးတောင်း,စာဘူးတောင်းစကားပြေက သင်နှစ်သက်တဲ့ အရေးအသားတစ်ခုကို ဖော်ပြပါ။,"တက်တက်ကြွကြွနှင့် လုံ့လဝီရိယရှိသည်ဆိုရာ၌ ဉာဏ်နှင့်ယှဉ်သော ဝီရိယမျိုးသာ ဖြစ်စေရာသည်။
ကျောက်ဖျာထက်တွင် ရေတွင်းတူးသော ကြိုးစားမှုမျိုး၊ အထည်မျိုးစုံထုတ်လုပ်သော ဒေသမျိုး၌
အထည်ဆိုင်ဖွင့်၍ ရောင်းသော လုပ်ကိုင်နည်းမျိုးကား အဘယ်မှာ အကျိုးရှိချိမ့်မည်နည်း။"
2.5,စာဘူးတောင်း,စာဘူးတောင်းငှက်ကလေးရဲ့ဂုဏ်ကိုပေါ်အောင် ဘယ်လိုခိုင်းနှိုင်းရေးဖွဲ့ထားသလဲ။,"ဆောက်လုပ်ရေးဘက်တွင် ပါရဂူမြောက် တံခွန်ဆောက်ကျွမ်းကျင်လှသော အင်ဂျင်နီယာငှက်ဟူ၍ပင် ဆိုသင့်ပေသည်။
"
2.5,စာဘူးတောင်း,စာဘူးတောင်းခြောက်ကိုတွေ့ပြီး ကောလိယမင်းသား ဘယ်လိုတွေးမိသလဲ။,တိရစ္ဆာန်ဖြစ်တုံလျက် ဤစာဝတီးငှက်ငယ်သည် မိမိနေစရာရိပ်မြုံ အသိုက်အအုံ သပ်ရပ်စွာ တည်ဆောက်လျက် ထည်ဝါခံ့ညားစွာ နေတတ်သည်မှာ အံ့ဖွယ်ရှိစွ။ လူသားတို့ကား ဤငှက်ငယ်လေးလောက်ကမှ သပ်ရပ်စွာ မနေနိုင်ကြပါတကား။ သူတို့ခမျာ လုပ်ရကိုင်ရသည်မှာ ဖတ်ဖတ်မော၊ နေပူမိုးရွာမရှောင် လုပ်ကိုင်ကြပါလျက် စားကောင်းခြင်းမစားရ။ နေကောင်းခြင်း မနေရသည်မှာ အဘယ်ကြောင့်နည်းဟု တွေးမိပါသည်။
2.5,စာဘူးတောင်း,ချမ်းသာစွာနေထိုင်ရရန် လမ်းညွှန်ချက်ကို ဘယ်လိုပုဂ္ဂိုလ်က လမ်းညွှန်ပါသလဲ။,ဗုဒ္ဓဘုရား
2.5,စာဘူးတောင်း,ချမ်းသာစွာနေထိုင်ရရန် ရှောင်ရန်အချက်က ဘာတွေလဲ။,"- ပျင်းရိခြင်းကို ဖယ်ရှားရန်
- မိမိစိတ်ကို အိပ်မောကျ၍ မနေစေရ
- ဉာဏ်နှင့်ယှဉ်သော ဝီရိယမျိုး ဖြစ်စေရမည်။
- မိမိကိုယ်တိုင်ကျွမ်းကျင်ပြီး သူတစ်ပါးကိုလည်း စနစ်တကျခိုင်းတတ်ရန်"
2.5,စာဘူးတောင်း,ချမ်းသာစွာနေထိုင်ရဖို့ ဘယ်လိုလုပ်ဆောင်သင့်သလဲ။,ဗုဒ္ဓဟောကြား ကြီးပွားရေးလမ်းညွှန်တရား သမ္ပဒါလေးပါးနှင့်အညီ နေထိုင်ကြပါမူကား ချမ်းသာတင့်တယ်စွာ နေနိုင်ကြပေမည်။
2.6,ဦးဖေမောင်တင်,ဆရာကြီးဦးဖေမောင်တင် ပြုစုရေးသားခဲ့တဲ့စာအုပ်တွေက ဘာတွေလဲ။,"မြန်မာစာပေသမိုင်း၊ အထက်တန်းစကားပြေကောက်နုတ်ချက်၊ အထက်တန်းကဗျာကောက်နုတ်ချက်၊
သူငယ်တန်းမှ စတုတ္ထတန်းအထိ ခေတ်မီမြန်မာဖတ်စာသစ်များ၊ ဘာသာလောကကျမ်း၊ မြန်မာဝါကျဖွဲ့ထုံးကျမ်း၊
မြန်မာသဒ္ဒါကျမ်းတို့ ဖြစ်သည်။
"
2.7,အဖြူနဲ့အနက်,ရသစာတမ်း၏အဓိပ္ပာယ်ကို ဖော်ပြပါ။,စာရေးသူက ကိုယ်တိုင်တွေးမြင် တွေ့ကြုံခံစားရသည့် အတွေးအမြင် အတွေ့အကြုံကို ရသပါအောင် ပြေပြေပြစ်ပြစ် ရေးသားထားသော စာမျိုးဖြစ်ပြီး စာဖတ်သူအား ခံစားမှုနှင့်ယှဉ်သော အတွေးအမြင်ကို ပေးစွမ်းနိုင်သည်။
2.7,အဖြူနဲ့အနက်,ရသစာတမ်းခေါင်းစဉ်ပါ အဖြူနှင့်အနက်သဘောက ဘာကိုရည်ညွှန်းသလဲ။,"ဝမ်းသာမှုသဘောသည် ရွှင်လန်းသည်။ ပေါ့ပါးသည်။ ထို့ကြောင့် အဖြူ၊
ဝမ်းနည်းမှုသဘောတူ ထိုင်းမှိုင်းသည်။ လေးလံသည်။ ထို့ကြောင့် အနက်။
"
2.7,အဖြူနဲ့အနက်,အဖြူနှင့် အနက်သဘောကိုပေါ်အောင် စာရေးသူက ဘယ်လိုသာဓကပြထားသလဲ။,"- ဝမ်းသာစရာကို ကြိုတင်မျှော်လင့်တတ်သူသည် လက်ကိုင်ပုဝါဖြူဖြူလေးကို တယုတယကိုင်သူကဲ့သို့ ဖြစ်သည်။
- အနက်ကား အဖြူလိုမဟုတ် ခံနိုင်ရည်ရှိသည်။ ထိချင်သလိုထိ ပေချင်သလိုပေ။ စွန်းချင်သလို စွန်း၊ နက်သည်ထက်နက်၍ ပြောင်သည်ထက် ပြောင်လာမည်သာ။ ဝမ်းနည်းစရာကို ကြိုတင်မျှော်လင့်ထားတတ်သူသည် ဖဲထီးအနက်ကြီးကို အကြမ်းပတမ်း ကိုင်သူကဲ့သို့ ဖြစ်မည်။"
2.7,အဖြူနဲ့အနက်,အဖြူနှင့်အနက် ရသစာတမ်းမှ ဘာအသိအမြင် ရသလဲ။,အကောင်းဆုံးအခြေအနေတွင် ရှိစေကာမူ အဆိုဆုံးကို ကြိုတင်မျှော်လင့်ထားတတ်သည့် စိတ်ဓာတ်မျိုး မွေးမြူနိုင်အောင် အားထုတ်သင့်ကြောင်း အသိအမြင်ရစေသည်။
2.7,အဖြူနဲ့အနက်,အဖြူနှင့်အနက် ရသစာတမ်းကို စာရေးသူက ဘယ်လိုတွေးခဲ့သလဲ။,"ဝမ်းသာစရာကို မျှော်လင့်၍ ဝမ်းသာစရာဖြစ်လာသောအခါ ဝမ်းသာရသည်။ ဝမ်းနည်းစရာကို မျှော်လင့်၍ ဝမ်းသာစရာဖြစ်လာသောအခါ  ပို၍ပို၍ဝမ်းသာရသည်။
ဝမ်းနည်းစရာကို မျှော်လင့်၍ ဝမ်းနည်းစရာဖြစ်လာသောအခါ ဝမ်းနည်းရသည်။ ဝမ်းသာစရာကို မျှော်လင့်၍ ဝမ်းနည်းစရာဖြစ်လာသောအခါ ပို၍ပို၍ ဝမ်းနည်းရသည်။ ဝမ်းသာမှုသည် အဖြူ၊ ဝမ်းနည်းမှုသည် အနက်ဟုစာရေးသူက တွေ့ခဲ့သည်။
"
2.7,အဖြူနဲ့အနက်,အဖြူနှင့်အနက် ရသစာတမ်းတွင် စာရေးသူက အတွေးကို ဘယ်လိုဆက်စပ်ရေးဖွဲ့ထားသလဲ။,မိမိလက်ကိုင်ပုဝါ အဖြူလေး.မင်စွန်းသွားရာမှ အဖြူနှင့်အနက်တွင် အဖြူသည် အစွန်းအထင်းမခံ။ အနက်ကား ဘာစွန်းစွန်း ခံနိုင်ရည်ရှိ၏။ အဖြူကား ဝမ်းသာမှုခံစားချက်။ အနက်ကား ဝမ်းနည်းမှုခံစားချက်ဖြစ်ပြီး ကြိုတင်မျှော်လင့်ထားချက်ပေါ်တွင် မူတည်ကာ ခံစားချ်ပြောင်းလဲသွားပုံကို အတွေးနှင့်ဆက်စပ်ကာ ရေးဖွဲ့ထားသည်။
2.8,စိတ်ဓာတ်တည်ငြိမ်ရင့်ကျက်ခြင်း,ဆောင်းပါးဟူသည် အဘယ်နည်း။,အကြောင်းအရာတစ်ရပ်ကို ရှုထောင့်အသွယ်သွယ်မှရေးသားသည့် ဗဟုသုတပေးသည့် စာပေဖြစ်သည်။
2.8,စိတ်ဓာတ်တည်ငြိမ်ရင့်ကျက်ခြင်း,စိတ်ဓာတ်ရင့်ကျက်တည်ငြိမ်သူဖြစ်ရန် မည်သို့လုပ်ဆောင်သင့်သနည်း။,အရွယ်ရောက်ပြီး သူတို့ဘဝနှင့်ပတ်သက်သော စစ်မှန်သည့် ခံယူချက်ရှိရန် လိုအပ်၏။
2.8,စိတ်ဓာတ်တည်ငြိမ်ရင့်ကျက်ခြင်း,ဘဝနှင့်ပတ်သက်သည့် စစ်မှန်သောခံယူချက်ကား အဘယ်နည်း။,အချိန်ကိုစနစ်တကျ နားလည်အသုံးချတတ်ခြင်း၊ ကြောင်းကျိုးဆက်နွယ်မှုကို နားလည်ခြင်း၊ စစ်မှန်သော ဘဝပန်းတိုင်ရှိခြင်း၊ လက်တွေ့လုပ်ဆောင် အကောင်ထည်ဖော်တတ်ခြင်း၊ ဘဝအတွက် ဆီလျော်သော ရွေးချယ်မှုတို့ကို ပြုလုပ်နိုင်စွမ်းရှိခြင်း၊ ဓမ္မဒိဋ္ဌာန်ကျခြင်းတို့ဖြစ်သည်။
2.8,စိတ်ဓာတ်တည်ငြိမ်ရင့်ကျက်ခြင်း,စိတ်ဓာတ်မရင့်ကျက်သူတို့၏ ခံယူချက်များကား အဘယ်နည်း။,စိတ်ဓာတ်မရင့်ကျက်သူတို့၏ ခံယူချက်များကား မိမိလုပ်ချင်သည်ကို တိုင်းဆစဉ်းစားခြင်းမပြုဘဲ စိတ်လွတ်လက်လွတ် လုပ်ကိုင်တတ်ကြ၏။ အကြောင်းအမျိုးမျိုးပြကာ အလုပ်ကို ရှောင်လွှဲတတ်ကြ၏။ တာဝန်မဲ့ပြုကျင့်တတ်ကြ၏။ ကိုယ့်အားကိုယ်မကိုးတတ်ကြ။ သူများအပေါ် မှီခိုအားထားတတ်ကြ၏။
2.8,စိတ်ဓာတ်တည်ငြိမ်ရင့်ကျက်ခြင်း,ဒေါက်တာကျော်စိန်သည် ရန်ကုန်တက္ကသိုလ်ဥပစာအထက်တန်းတွင် မည်သည့်ဆု ချီးမြှင့်ခံရသနည်း။,မြန်မာစာအမှတ်အမြင့်ဆုံးရ၍ "သာဒိုးအောင်ဆု”ချီးမြှင့်ခြင်းခံရသည်။
2.8,စိတ်ဓာတ်တည်ငြိမ်ရင့်ကျက်ခြင်း,ဒေါက်တာကျော်စိန် နောက်ဆုံးတာဝန်ထမ်းဆောင်ခဲ့သည့် ရာထူးကို ဖော်ပြပါ။,ပညာရေးဝန်ကြီး
3.1,ပေါ်နွေလလျှင်,ရတုသဘောသဘာဝကို ဖော်ပြပါ။,"ရတုဟူသောဝေါဟာရမှာ သက္ကတဘာသာစကား "ရိတု”မှလာသော စကားဖြစ်သည်။ ရိတုမှ
ရတုဖြစ်လာသည်။ မြန်မာဘာသာစကား "ရတု”မှာ သဘင်အခမ်းအနား အခြေအနေဟု အဓိပ္ပာယ်ရသည်။ "လေးလုံးတစ်ပိုဒ်ရေးဖွဲ့သော ကဗျာတစ်မျိုး (မြန်မာအဘိဓာန်၊ စာ-၂၈၂)"""
3.1,ပေါ်နွေလလျှင်,ပေါ်နွေလလျှင်ရတုသည် မည်သည့်ရတုအမျိုးအစားတွင် ပါဝင်သနည်း။,စစ်ချီရတု
3.1,ပေါ်နွေလလျှင်,အချီအချဆိုတာ ဘယ်လိုအဖွဲ့မျိုးလဲ။,ရတုကဗျာ၏အစအဖွဲ့ကို အချီအဖွဲ့ဟုခေါ်ပြီး၊ ရတုအဆုံးအဖွဲ့ကို အချဟုခေါ်သည်။
3.1,ပေါ်နွေလလျှင်,ရတုကို မည်သို့ဖွဲ့စပ်ရသနည်း။,ရတုကို လေးလုံးစပ်လင်္ကာစပ်နည်းအတိုင်း ဖွဲ့စပ်ရသည်။ ရတုတစ်ပိုဒ်တွင် ၁၀၈ ပဒထက် မပိုရကြောင်း၊ ရတုတွင် အချီညီ၊ အချညီခြင်းသည် အဓိကဖြစ်ကြောင်း။
3.1,ပေါ်နွေလလျှင်,ကာရန်ဆိုတာ ဘာလဲ။,ကဗျာလင်္ကာတွင် စည်းမျဉ်းအရစပ်ထားသော စကားလုံးတို့၏ ညီညွတ်သောအသံ။(မြန်မာအဘိဓာန် စာ ၇)
3.1,ပေါ်နွေလလျှင်,ပေါ်နွေလလျှင် ရတုပထမအပိုဒ် အချီအချတွေက ဘာတွေလဲ။,"ပေါ်နွေလလျှင် (အချီ)
ငှက်သွင်ပျံကြွမတတ်သော (အချ)
"
3.1,ပေါ်နွေလလျှင်,ကောင်းကင်ပြင်သရုပ်ဖော်အဖွဲ့က ဘာတွေလဲ။,""တောင်ကခြိမ့်မြူး၊ မင်းလွင်ဦးနှင့်
ပျံ့ပျူးချုပ်ထိုင်း၊ မုန်တိုင်းဆင်ယို
တိမ်ညိုမှိုင်းထပ်၊ ပြက်လျှပ်ပြကာ
စိမ်းဝါမိုးပန်း၊ ထွေထွေစွန်းက”
"
3.1,ပေါ်နွေလလျှင်,ရာသီအခြေအနေက ဘယ်လိုရာသီလဲ။ ရာသီသဘာဝအဖွဲ့ကို ပြောပါ။,"- မိုးရာသီ
- ရာသီသဘာဝအဖွဲ့ - "မုန်တိုင်းဆင်လို၊ တိမ်ညိုမှိုင်းထပ်၊ ပြက်လျှပ်ပြကာ”"
3.1,ပေါ်နွေလလျှင်,စိတ်ခံစားချက်သရုပ်ဖော်အဖွဲ့က ဘယ်လိုအဖွဲ့မျိုးလဲ။,""တိမ်စွန်လေလျှင်၊ ဖူးရောက်ချင်သည်၊
ငှက်သွင်ပျံကြွမတတ်သော”"
3.1,ပေါ်နွေလလျှင်,ဘယ်လိုအလင်္ကာမြောက်အဖွဲ့တွေ တွေ့ရသလဲ။ ဘယ်လိုရသမျိုး ခံစားရသလဲ။,"- ကြာညွတ်ဖယောင်း၊ နေရှိန်ပြောင်းသို့ - ဥပမာအလင်္ကာ
- ငှက်သွင်ပျံကြွမတတ်သော - ဥပမာအလင်္ကာ
- ပြိုကျသွယ်ဖြည်း၊ နှင်းထက်သည်း၍ - ဝင်္ကဝုတ္တိအလင်္ကာ
- ဝမ်းနည်းလျက်ပင်၊ ပျောင်းလိမ့်ထင်သည်၊ ညက်စင်စံမျာ့ အထွတ်သော - ကရုဏာရသ
- ချစ်ဝန်လေးခဲ့၊ ရေးရေးဖူးချင်၊ မယ်သို့လျင်သည်၊ စက်ရှင်လျှံမျှ ရဟတ်သော - သိင်္ဂါရရသ"
3.2,ငါကိုလွယ် အမယ်ကြီးနှင့်,အိုင်ချင်းအစမှာ ဘာနဲ့စလေ့ရှိသလဲ။,"ချစ်တဲ့သူငယ်လေ၊ သူငယ်ချင်းကောင်း ယောင်းမတို့လေ”
3.2,ငါကိုလွယ် အမယ်ကြီးနှင့်,အိုင်ချင်းက ဘယ်လိုအကြောင်းအရာတွေရေးသလဲ။,တောမူတောရာ
3.2,ငါကိုလွယ် အမယ်ကြီးနှင့်,အိုင်ချင်းကဗျာထဲက ဘယ်ရသကို ကြိုက်သလဲ။ ဘာ့ကြောင့်လဲ။,"ဟာသရသကို ကြိုက်ပါသည်။ မိန်းမပျိုလေးက ချစ်သူအတွက် စိုးရိမ်စိတ်ကြောင့် ညီမထွေးလေးကို စေလွှတ်ကာ ကြည့်ခိုင်းလိုက်သည့်အခါ ချစ်သူမှာ ""ရွာလယ်ခေါင်တွင်၊ ခုတင်ကြီးမှာ စောင်းတီးလို့လေး” ဟူ၍ အေးအေးဆေးဆေး မြင်တွေ့လိုက်ရသဖြင့် ရွှင်ပြုံးမိစေပါသည်။"
3.2,ငါကိုလွယ် အမယ်ကြီးနှင့်,အိုင်ချင်းကဗျာအဖွဲ့တွေက ကျေးလက်ယဉ်ကျေးမှုသရုပ်ကို ပေါ်လွင်စေသလား။,ပေါ်လွင်စေပါသည်။
3.2,ငါကိုလွယ် အမယ်ကြီးနှင့်,မိန်းမပျိုလေးရဲ့စိတ်ကို ပေါ်လွင်စေတဲ့အဖွဲ့တွေက ဘာတွေလဲ။,"သူခိုးဆိုညွှန်း၊ မီးလင်းထွန်းလို့၊ ဝန်းကြသောခါ ၊ ဆင်းချခုန်၊ လမ်းဆုံရောက်ပါလိမ့်မလားရှင်”
3.2,ငါကိုလွယ် အမယ်ကြီးနှင့်,ကျေးတောသူလေးရဲ့ချစ်သူနဲ့ မိဘအကြား ဗျာများနေပုံ ပေါ်လွင်စေပါသလား။,ပေါ်လွင်စေပါသည်။
3.3,သြဝါဒထူးပျို့ ,ပျို့ဝေါဟာရ၏ အဓိပ္ပာယ်ကို ရှင်းပြပါ။,"ပုဒ်ရေပေါင်းများစွာဖွဲ့ဆိုသော လေးလုံးစပ်လင်္ကာရှည်တစ်မျိုး” (မြန်မာအဘိဓာန် စာ - ၂၁၀)
3.3,သြဝါဒထူးပျို့ ,ပျို့မှာ မည်သည့်အကြောင်းအရာတွေကို ရေးဖွဲ့လေ့ရှိသလဲ။,အများအားဖြင့် ဗုဒ္ဓဝင်၊ ငါးရာ့ငါးဆယ်၊ ဇာတ်ကြီးဆယ်ဘွဲ့၊ ဇင်းမယ်ပဏ္ဏာသ၊ သြဝါဒ၊ နီတိများ ဖြစ်သည်။
3.3,သြဝါဒထူးပျို့ ,ပျို့ကိုရေးဖွဲ့ရာတွင် မည်သည့်ကာရန်စနစ်ဖြင့် ရေးဖွဲ့လေ့ရှိသလဲ။,လေးလုံးစပ်လင်္ကာ၏ ကာရန်စနစ် ၆ နည်းဖြစ်သည့် ၄-၃-၁၊ ၄-၃-၂၊ ၄-၁၊ ၄-၂၊ ၃-၁၊ ၃-၂ တို့ဖြင့် ရေးဖွဲ့လေ့ရှိသည်။
3.3,သြဝါဒထူးပျို့ ,""ဂုဏ်အင်အထူး၊ ကျေးဇူးရှိသူ၊ ထိုထိုလူကို၊ မပြူဒေါသ၊ မာန်မထဘဲ၊ နှိမ့်ချခြင်းလျှင်၊ တန်ဆာဆင်၏”
ရဲ့ ဆိုလိုရင်းကို ဖော်ပြပါ ။
","မိမိအပေါ် ဂုဏ်ကျေးဇူး အထူးရှိသူ ကျေးဇူးရှင်အပေါ်၌ အမျက်ဒေါသမထွက်သင့်ကြောင်း၊ မာန်မာန မထားဘဲ မိမိကိုယ်ကို နှိမ့်ချကာ ဆက်ဆံခြင်းသည် ထိုသူ၏ အဆင်တန်ဆာ အရည်အချင်းဖြစ်၏။”
3.3,သြဝါဒထူးပျို့ ,သြဝါဒစကား၏ အဓိပ္ပာယ်ကို ဖော်ပြပါ။,သြဝါဒ = ဆုံးမစကား (မြန်မာအဘိဓာန်စာ - ၄၁၅)
3.3,သြဝါဒထူးပျို့ ,သြဝါဒထူးပျို့တွင် မည်သည့်စာအရေးအသားအဖွဲ့ အများဆုံးပါသနည်း။,ကျိုးကြောင်းပြအဖွဲ့၊ ဖွင့်ဆိုရှင်းပြအဖွဲ့များ အများဆုံးတွေ့ရသည်။
3.3,သြဝါဒထူးပျို့ ,"ဆံမြူခြမ်းမျှ” မည်သည့်အလင်္ကာမြောက်ကြောင်း ရှင်းပြပါ။,"အကျင့်သီလနှင့် ပတ်သက်၍ ဒေါသစိတ်ကို အနည်းငယ်မျှမဖြစ်အောင် ထိန်းသိမ်းသင့်ကြောင်း
ဆံပင်တစ်ခြမ်းမျှ၊ မြူမှုန်တစ်ခြမ်းမျှ မထွက်အောင် စောင့်ထိန်းအပ်ကြောင်း အလွန်အကြူးဖွဲ့ဆိုထားသဖြင့် အတိသယဝုတ္တိအလင်္ကာမြောက်သည်။"
3.4,ပေါင်းရှစ်ယောက် ကောက်စိုက်သူ,သံချိုကဗျာသည် မည်သည့်ခေတ်တွင် တွင်ကျယ်လာသောကဗျာဖြစ်သနည်း။,တောင်ငူခေတ်၊ ကုန်းဘောင်ခေတ်၊ ကုန်းဘောင်ခေတ်နှောင်းပိုင်း။
3.4,ပေါင်းရှစ်ယောက် ကောက်စိုက်သူ,သံချိုကဗျာကို မည်သို့ဖွဲ့ဆိုထားသနည်း။,အသံသာယာအောင် နဘေထပ်များဖြင့် ဖွဲ့ဆိုထားသောကဗျာ ဖြစ်သည်။
3.4,ပေါင်းရှစ်ယောက် ကောက်စိုက်သူ,သံချိုစပ်နည်းကို ဖော်ပြပါ။,"သံချိုစပ်နည်းသည် လေးချိုးကဲ့သို့ အချိုးလေးခုရှိပြီး အခံကာရန်၊ အအုပ်ကာရံတို့မှာ လေးချိုးကဲ့သို့ပင် ဖြစ်သည်။
"
3.4,ပေါင်းရှစ်ယောက် ကောက်စိုက်သူ,သတင်းစာ၊ အသံလွှင့်ဌာန၊ သတင်းပြန်ကြားရေးလုပ်ငန်းများ မရှိသေးသောခေတ်တွင် သဘင်သည်သာလျှင် ကြီးမားသောပြန်ကြားရေးတစ်ခုအဖြစ် တည်ရှိခဲ့သည်။,(မှန်၊ မှား)
3.4,ပေါင်းရှစ်ယောက် ကောက်စိုက်သူ,မောင်းထောင်ဦးကျော်လှလို့ ဘာကြောင့်ခေါ်သလဲ။,မုံရွာခရိုင်၊ ဘုတလင်မြို့နယ်၊ မောင်းထောင်ရွာဇာတိ ဖြစ်သောကြောင့်
3.4,ပေါင်းရှစ်ယောက် ကောက်စိုက်သူ,ကောက်စိုက်သမလေးတွေဟာ ဘာတွေလှူသလဲ။,ကြေးစည်
3.4,ပေါင်းရှစ်ယောက် ကောက်စိုက်သူ,ဘုရားမှာ ကြေးစည်ကို ဘာအတွက်လှူတာလဲ။,ဘုရားမှာဝတ်ရွတ်စဉ် တီးရန်
3.4,ပေါင်းရှစ်ယောက် ကောက်စိုက်သူ,အလှူဒါနအကျိုးကို ဘယ်လိုစိတ်ကူးယဉ်ကြသလဲ။,တာဝတိံသာနတ်ပြည်မှာ နတ်သမီးတွေဖြစ်ကြရန် စိတ်ကူးယဉ်ကြ၏။
3.4,ပေါင်းရှစ်ယောက် ကောက်စိုက်သူ,ဘယ်ရသမြောက်အဖွဲ့ကို နှစ်သက်သလဲ။ ဘာကြောင့်လဲ။,""သုဒဿနာ နတ်ရွာရောက်လျှင်ဖြင့်၊ ဗလချာနောက်အောင် စိတ်ပျော်ပိုက်ကြလိမ့်၊ ကောက်စိုက်သလို ကိုယ်တို့မကုန်းကြရစေဘု”
ဟဿရသမြောက်အဖွဲ့ကို နှစ်သက်ပါသည်။ နတ်ပြည်ရောက်လျှင် မျက်စိနောက်လောက်အောင် ပျော်ကြမည်။ ခါးကုန်းကာ ကောက်စိုက်ကြရသလို မပင်ပန်းတော့ကြောင်း ရွှင်ပြုံးဖွယ်ဟာသလေးနှင့် ရေးထားသောကြောင့် နှစ်သက်မိပါသည်။"
3.5,အညာမဂ်လာဆောင်,သခင်ကိုယ်တော်မှိုင်း ပညာဆည်းပူးခဲ့ပုံကို ဖော်ပြပါ။,ကျီးသဲလေးထပ်ဆရာတော်ဘုရားထံတွင်လည်းကောင်း၊ မန္တလေးမြတောင်ကျောင်းတိုက်၌လည်းကောင်း ပညာသင်ခဲ့သည်။
3.5,အညာမဂ်လာဆောင်,မစ္စတာမောင်မှိုင်းအမည်ဖြင့် မည်သည့်ဋီကာများ ရေးခဲ့သနည်း။,ဗိုလ်ဋီကာ၊ ဒေါင်းဋီကာ၊ ဘွိုင်းကောက်ဋီကာ
3.5,အညာမဂ်လာဆောင်,အညာမင်္ဂလာဆောင် လေးချိုးကြီး၏ ရည်ရွယ်ချက်ကို ဖော်ပြပါ။,အညာဒေသ၌ ကျင်းပပြုလုပ်လေ့ရှိသည့် ရိုးရာဓလေ့မင်္ဂလာဆောင်ပွဲတစ်ခုအကြောင်း သိရှိစေရန်။
3.5,အညာမဂ်လာဆောင်,မင်္ဂလာဆောင်တွင် အဘွားနှင့်အဘိုးက ဘာလက်ဖွဲ့လိုက်သနည်း။,အဘွားက ကျီတစ်ဆောင်၊ အဘိုးက နွားညီနောင်
3.5,အညာမဂ်လာဆောင်,မယားဘက်က မောင်တွေက ဘာလက်ဖွဲ့သလဲ။,ပလွေတိုနှစ်စင်း
3.5,အညာမဂ်လာဆောင်,ပဲခူးဘူတာတွင် မည်သည့်ပစ္စည်းများ သူခိုးခိုးခံရသနည်း။,ထန်းခေါက်ဖာတစ်လုံး
3.5,အညာမဂ်လာဆောင်,အညာမြေက အကြွေးတစ်ရာကို မည်သည်တို့နှင့် ပေးဆပ်လိုက်ရသနည်း။,နွားပြာတစ်ရှည်းနှင့် ရွာရှေ့ယာတစ်ခင်း
3.6,ကမ္ဗောဇသို့,ပညာဆည်းပူးခဲ့ပုံကို ဖော်ပြပါ။,ငယ်စဉ်က ဖျာပုံမြို့၌ ဘုန်းတော်ကြီးကျောင်း၊ မြန်မာကျောင်း၊ အင်္ဂလိပ်-မြန်မာ အစိုးရအထက်တန်းကျောင်း၊ အမျိုးသားအထက်တန်းကျောင်းတို့တွင် ပညာဆည်းပူးခဲ့ပြီး ရန်ကုန်မြို့မအထက်တန်းကျောင်းတွင် ဒသမတန်း အောင်မြင်ခဲ့သည်။ ရန်ကုန်တက္ကသိုလ်မှ ဝိဇ္ဇာဘွဲ့ရသည်။လန်ဒန်တက္ကသိုလ်နှင့် ဒပ်ဗလင်တက္ကသိုလ်တွင် စာကြည့်တိုက်ပညာသင်ကြား၍ ဒီပလိုမာဘွဲ့ ရရှိခဲ့သည်။
3.6,ကမ္ဗောဇသို့,စာပေလောကထဲသို့ ဝင်ရောက်လာပုံနှင့် ထင်ရှားသောစာပေများကို ဖော်ပြပါ။,၁၉၂၈ ခုနှစ်၊ ဟံသာကြေးမုံ လက်ရေးစာစောင်၌ "ပိတောက်ပန်း”သံချိုကဗျာ စတင်ရေးခဲ့ရာမှ စာပေ လောကထဲသို့ ရောက်ခဲ့သည်။ ပထမဆုံး ခေတ်စမ်းကဗျာဖြစ်သည်။ ပိတောက်ရွှေဝါကဗျာများ၊ ဗေဒါလမ်းကဗျာများ၊ ညီသစ်ဆင်းကဗျာများ၊ ရှေးခေတ်ပုဂံကဗျာများ၊ မဟာဆန်ချင်သူပြဇာတ်နှင့် အခြားပြဇာတ်များ၊ သခင်ကိုယ်တော်မှိုင်းဋီကာ၊ သိန်းနှင့်ကျားဋီကာ၊ ပလေးတိုးနိဒါန်း၊ ရသစာပေအဖွင့်၊ ရသစာပေနိဒါန်း၊ မိုးကြယ်မို့လားနှင့် နိုဘယ်ဆုရဝတ္ထုတိုများ၊ လမ်းသစ်နှင့် အခြားဝတ္ထုတိုများ စသည်တို့မှာ ဆရာ၏ထင်ရှားသော လက်ရာများဖြစ်သည်။
3.6,ကမ္ဗောဇသို့,ခေတ်စမ်းကဗျာလို့ ဘာကြောင့်ခေါ်သလဲ။,ခေတ်ကိုစမ်းသပ်ထားခြင်း၊ စူးစမ်းထားခြင်းဖြစ်သောကြောင့် ယင်းကဗျာများကို ခေတ်စမ်းကဗျာဟု ခေါ်သည်။
3.6,ကမ္ဗောဇသို့,ခေတ်စမ်းစာပေလှုပ်ရှားမှုမှာ ပါဝင်ခဲ့တဲ့ စာဆို ၃ ဦးကို ဖော်ပြပါ။,ဇော်ဂျီ၊ မင်းသုဝဏ်၊ သိပ္ပံမောင်ဝ
3.6,ကမ္ဗောဇသို့,သင်နှစ်သက်တဲ့ ခေတ်စမ်းကဗျာတစ်ပုဒ်ကို ဖော်ပြပါ။ ဘာကြောင့် နှစ်သက်ရသလဲ။,ဆရာဇော်ဂျီ၏ ပိတောက်ပန်းကဗျာ။ ပိတောက်ပန်းလေးကို လူကဲ့သို့ အသက်သွင်းရေးဖွဲ့ထားသောကြောင့် နှစ်သက်မိသည်။
3.6,ကမ္ဗောဇသို့,ကမ္ဗောဇသို့ကဗျာကို ခေတ်စမ်းကဗျာလို့ ဘာကြောင့်ခေါ်သလဲ။,ရှမ်းပြည်မြောက်ပိုင်း၊ သီပေါမြို့ရှိ ပေါ်ကြိုစေတီသွားရာ တောတောင်သဘာဝအလှတို့ကို အသက်သွင်းရေးဖွဲ့ထားခြင်း၊ လူ့သဘာဝအဖွဲ့များ ထည့်သွင်းထားခြင်းကြောင့် ဖြစ်သည်။
3.6,ကမ္ဗောဇသို့,ကမ္ဗောဇသို့ကဗျာ၏ ရည်ရွယ်ချက်ကို ဖော်ပြပါ။,ပြည်ထောင်စုဖွား ရှမ်းတိုင်းရင်းသားတို့မြေမှ တောတောင်ရေမြေသဘာဝရှုခင်းများကို ချစ်ခင်တတ်စေရန်၊ တိုင်းရင်းသား ညီအစ်ကို မောင်နှမများ၏ ချစ်စရာဓလေ့များကို နှစ်သက်မြတ်နိုးပြီး စည်းလုံးညီညွတ်မှု ခိုင်မြဲစေရန်။
3.6,ကမ္ဗောဇသို့,ကမ္ဗောဇသို့ခေတ်စမ်းကဗျာထဲက သရုပ်ဖော်အဖွဲ့တစ်ခုကို ထုတ်နုတ်တင်ပြပါ။,"""တက်ခဲ့လို့ခေါ်၊ မော်မေမြင့်တောင်တန်း
ဘယ်ကွေ့ညာခွေနဲ့
တက်တိုင်းလေ လိမ်ခွေကောက်
တောတောင်ပေါက်လမ်း"""
3.6,ကမ္ဗောဇသို့,ကမ္ဗောဇသို့ ခေတ်စမ်းကဗျာထဲက ဘယ်လိုရသမြောက်တဲ့အဖွဲ့တွေကို တွေ့ရသလဲ။,""ကိုကချင် ဖော်တစ်သင်းနဲ့
မော်နှင်းဆီ့ မယ်သော်မှော်
တောင်းဆုပန်သော်။
ရင်ပြင်ပေါ် စွယ်တော်နဲ့ အနန်း ။
နောင်လဲ မော်မြေသူနဲ့
အကူဘူးစေတီဦးမှာ
ဖူးခဲ့ရွှင်လန်း”..... ကို ကချင်နှင့်ဖော်ဖြေသူတို့ ချစ်သူနှစ်ဦးကြည်နူးကြရပုံ - သိင်္ဂါရရသ"
3.7,လက်ဖက်ရည်ကြမ်းဝိုင်း,ဗန်းမော်ညိုနွဲ့၏အမည်ရင်းနှင့် ပညာဆည်းပူးခဲ့ပုံထို ရှင်းပြပါ။,"- ဦးပုထွေး
- ဗန်းမော်မြို့ မြူနီစီပယ်ကျောင်းတွင် သတ္တမတန်းအထိ အထက (၃)တွင် ဒသမတန်းအထိ၊ မန္တလေးမြို့ ပေါက်မြိုင်ဘုန်းတော်ကြီးကျောင်းမှ ဆယ်တန်းအောင်ခဲ့သည်။"
3.7,လက်ဖက်ရည်ကြမ်းဝိုင်း,စာပေလောကသို့ ဝင်ရောက်လာပုံကို ရှင်းပြပါ။,၁၉၄၁ ခုနှစ်၊ ဒဂုန်မဂ္ဂဇင်းတွင် ဗန်းမော်ညိုနွဲ့ဟူသောကလောင်အမည်ဖြင့် ကဗျာများရေးသားကာ စာပေနယ်သို့ စတင်ဝင်ရောက်ခဲ့သည်။
3.7,လက်ဖက်ရည်ကြမ်းဝိုင်း,ထမ်းဆောင်ခဲ့သောတာဝန်များအကြောင်း ရှင်းပြပါ။,၁၉၄၁ ခုနှစ်၊ ဗန်းမော်မြို့ မြူနီစီပယ်ကျောင်း၌ အလယ်တန်းပြဆရာ၊ စိန်လုံမြို့အထက်တန်းကျောင်း၌ အထက်တန်းပြဆရာ၊ ဗန်းမော်ရိုင် မြေပြန့်နယ်ပညာအုပ်အဖြစ် တာဝန်ထမ်းဆောင်ခဲ့သည်။
3.7,လက်ဖက်ရည်ကြမ်းဝိုင်း,အမျိုးသားစာပေဆုရရှိခဲ့တဲ့ စာအုပ်အမည်ကို ဖော်ပြပါ။,အရုဏ်ဦးကလေးကဗျာများ စာအုပ်သည် အနုပညာဆိုင်ရာ အမျိုးသားစာပေဆု (ကလေးလူငယ်ဆိုင်ရာစာပေ ပထမဆု)ရရှိခဲ့သည်။
3.7,လက်ဖက်ရည်ကြမ်းဝိုင်း,လေးလုံးစပ်လင်္ကာဟူသည် အဘယ်နည်း။,လေးလုံးစပ်လင်္ကာတွင် တစ်ပဒလျှင် စကားလုံး ၄ လုံးရှိပြီး တစ်ပဒနှင့် တစ်ဖကာရန် ချိတ်ဆက်ဖွဲ့ဆိုရကြောင်း။
3.7,လက်ဖက်ရည်ကြမ်းဝိုင်း,လေးလုံးစပ်ကဗျာရဲ့ သဘောသဘာဝကို လက်ဖက်ရည်ကြမ်းဝိုင်းကဗျာထဲက နှစ်သက်ရာကဗျာတစ်ပိုဒ်နဲ့ သာဓကပြပါ။,""လက်ဖက်ရည်ကြမ်း၊ တစ်လင်ပန်းဖြင့်
စိတ်ဝမ်းလက်ညီ၊ ရွာသစ်တည်ကာ
ကျီသစ်ပုံသွင်း၊ အားနှင့်ရင်း၍
ဖန်ဆင်းခဲ့ကြဖူးလေပြီ”
၄၊ ၃၊ ၂ ကာရန်၊ ၄၊ ၃၊ ၁ ကာရန်တို့ကို အသုံးပြုဖွဲ့စပ်ထားသည်။
"
3.7,လက်ဖက်ရည်ကြမ်းဝိုင်း,လက်ဖက်ရည်ကြမ်းဝိုင်းကဗျာ၏ ရည်ရွယ်ချက်ကို ဖော်ပြပါ။,မြန်မာတို့၏ချစ်ခင်နှစ်သက်ဖွယ်ကောင်းသော ဓလေ့စရိုက် သဘာဝကို သိမြင်ခံစားတတ်စေရန်။
3.7,လက်ဖက်ရည်ကြမ်းဝိုင်း,"စိတ်ဝမ်းလက်ညီ” ဝေါဟာရအဓိပ္ပာယ်ကို ရှင်းပြပါ။,စိတ်တူကိုယ်တူ ညီညွတ်ကြခြင်း
3.7,လက်ဖက်ရည်ကြမ်းဝိုင်း,လက်ဖက်ရည်ကြမ်းဝိုင်းကဗျာက ဘယ်ဒေသကို နောက်ခံပြုရေးဖွဲ့ထားသလဲ။,အညာဒေသကို နောက်ခံပြုထားသည်။
3.7,လက်ဖက်ရည်ကြမ်းဝိုင်း,လက်ဖက်ရည်ကြမ်းဝိုင်းကဗျာထဲက သရုပ်ဖော်အဖွဲ့တစ်ခုကို ထုတ်ပြပါ။,""အုန်းထန်းပေလက်၊ တမာရွက်တို့
ရွှေစက်ရွှေပြောက်၊ ရွှေရည်သောက်၏”
(ကျေးရွာ၏ လသာသောည သစ်ပင်ပန်းမန်တို့၏အလှ သရုပ်ဖော်အဖွဲ့)
"
3.8,ပဒေသာလက်ရာ,ပညာဆည်းပူးခဲ့ပုံကို ရှင်းပြပါ။,တက္ကသိုလ်ဝင်တန်းကို တောင်သာမြို့နယ်၊ တလိုင်းရပ် ရွာသစ်ကျောင်းမှ အောင်မြင်ခဲ့သည်။ ၁၉၆ဝ ပြည့်နှစ်တွင် မန္တလေးတက္ကသိုလ်၌ မြန်မာစာဝိဇ္ဇာဂုဏ်ထူးဘွဲ့ ရရှိခဲ့သည်။ ရန်ကုန်ဝိဇ္ဇာသိပ္ပံတက္ကသိုလ်မှ မဟာဝိဇ္ဇာဘွဲ့ကို ရရှိခဲ့သည်။
3.8,ပဒေသာလက်ရာ,စာပေလောကသို့ ဝင်ရောက်လာပုံကို ရှင်းပြပါ။,၁၉၆ဝ ပြည့်နှစ် တက္ကသိုလ်နှစ်လည်မဂ္ဂဇင်းတွင် "ဘာလဲ ဟဲ့လောကဓံ”ဝတ္ထုတိုကို စတင်ပုံနှိပ် ဖော်ပြခြင်း ခံရသည်။ အထွေထွေဆောင်းပါးနှင့် စာတမ်းများ ၂ဝဝ ခန့်၊ ဝတ္ထုတို ၄ဝ ခန့်၊ မဂ္ဂဇင်းကဗျာ ၃ဝဝ ကျော်၊ လုံးချင်း ၁၅ အုပ်ကို ရေးသားခဲ့သည်။
3.8,ပဒေသာလက်ရာ,ကလောင်အမည်အမျိုးမျိုးကို ဖော်ပြပါ။,အောင်နိုင် (တက္ကသိုလ်)၊ တက္ကသိုလ်တောသား၊ ဦးအောင်သောင်း
3.8,ပဒေသာလက်ရာ,ထမ်းဆောင်ခဲ့သော တာဝန်များ ဖော်ပြပါ။,တက္ကသိုလ် မြန်မာစာနည်းပြမှ ပါမောက္ခအထိ။ မြန်မာစာအဖွဲ့တွင် အချိန်ပြည့်အဖွဲ့ဝင်
3.8,ပဒေသာလက်ရာ,ပဒေသာလက်ရာကဗျာတွင်,"""ယမနေသာ၊ ထင်းဖြတ်သား
ဉာဏ်သွားသူက၊ ဈာန်များဝင်ခါ""
သံပေါက်တွင် ၄၊ ၃၊ ၅/၇ နေရာတွင် ဆန်းသစ်ပြီး ကဗျာဖွဲ့ထားသဖြင့် သံပေါက်ဆန်းကဗျာအဖွဲ့တစ်မျိုးဖြစ်သည်။"
3.8,ပဒေသာလက်ရာ,ပဒေသာလက်ရာကဗျာ၏ ရည်ရွယ်ချက်ကို ဖော်ပြပါ။,မြန်မာ့သုခုမ အနုပညာဖြစ်သော ရုပ်သေးရုပ်ပြုလုပ်ပုံ၊ ရုပ်သေးသဘင်ပညာကို တန်ဖိုးထားထိန်းသိမ်း စောင့်ရှောက်သင့်ကြောင်း
3.8,ပဒေသာလက်ရာ,သစ်သားပန်းပုထုတဲ့အခါ ဘယ်လိုသစ်သားမျိုးကို အသုံးများကြသလဲ။,ယမနေသား
3.8,ပဒေသာလက်ရာ,"ပဒေသာလက်ရာ”ကဗျာထဲမှာပါတဲ့ ""မြန်မာ့လက်ရာ”စကားကို ရှင်းပြပါ။,မြန်မာတို့ ဖန်တီးပြုလုပ်ထားသော လက်မှုစွမ်းရည်
4.3,ရေသည်ပြဇာတ်,ဦးပုည၏ ဇာတိ၊ မျိုးရိုး၊ အမည်ကို ဖော်ပြပါ။,စလေဇာတိ၊ စလေမြို့  မြို့စားရွာစားမျိုး၊ မောင်ပုတ်စည်
4.3,ရေသည်ပြဇာတ်,မောင်ပုတ်စည်ဟု ဘာကြောင့် အမည်တွင်ခဲ့သလဲ။,"သာယာဝတီမင်းတရားကြီး၏ အိမ်တော်ရှိ စည်တော်ရုံမှ စည်ကြီးများကို ပုတ်ခတ်ကစားသည်ကိုရည်၍ သာယာဝတီမင်းက "မောင်ပုတ်စည်""တွင်စေဟု အမည်ပေးတော်မူလိုက်သည်။"
4.3,ရေသည်ပြဇာတ်,ရဟန်းဝတ်လိုက် လူဝတ်လဲလိုက်နှင့် ဘာကြောင့်နေခဲ့ရလဲ။,"၆ နှစ်သားအရွယ်မှ ရှင်သာမဏေဝတ်ပြီး ဗန်းမော်ဆရာတော်ထံ ရှင်ပုညဘွဲ့ ခံယူရရှိသည်။ ဗန်းမော်တိုက်၌ ရဟန်းပြုပြီး မြို့အုပ်မင်းနှင့် မသင့်မတင့်ဖြစ်၍ လူထွက်လိုက်ရခြင်း၊ ရန်ကုန်မြို့သို့ရောက်စဉ် တောရအရပ်၌ ခဏမျှနေထိုင်ကာ သာမဏေပြုပြန်သည်။ မင်းတုန်းမင်းနှင့် ကနောင်မင်းတို့အိမ်တော်၌ ခစားထမ်းရွက်ခွင့်ရ၍ လူထွက်ပြန်သည်။ မင်းတုန်းမင်းနှင့် ကနောင်မင်းတို့က နောင်တော်ပုဂံမင်းအား လုပ်ကြံအောင်တော်မူသဖြင့်
မင်းတုန်းမင်း နန်းတက်တော်မူစဉ် ဦးပုညသည် ဗန်းမော်တိုက်၌ သာမဏေပြုပြန်ကာပုန်းအောင်းနေရသည်။ ထို့နောက် လူထွက်ကာ ကနောင်မင်းထံ ခစားပြန်သည်။ စာပေထူးချွန်သော်လည်း လောကဓံအလှည့်အပြောင်း အမျိုးမျိုးကြောင့် ရဟန်းဝတ်လိုက် လူဝတ်လဲလိုက်နှင့် နေခဲ့ရခြင်းဖြစ်သည်။
"
4.3,ရေသည်ပြဇာတ်,"သာယာဝတီမင်းလက်ထက်ကစ၍ မင်းတုန်းမင်းလက်ထက်အထိ ဘယ်သူတွေနဲ့ နီးနီးကပ်ကပ်
ဆက်ဆံခဲ့ရသလဲ။",သာယာဝတီမင်း၊ ပုဂံမင်း၊ မင်းတုန်းမင်း၊ ကနောင်မင်း
4.3,ရေသည်ပြဇာတ်,ဦးပုညရေးတဲ့ပြဇာတ်တွေရဲ့ ရည်ရွယ်ချက်တွေဟာ ရိုးရာဓလေ့တွေနဲ့ ဘာကြောင့် ပတ်သက်နေတာလဲ။,နန်းတွင်းရေးရာနဲ့ပတ်သက်၍ အသိအမြင်ပေးလို၍လည်းကောင်း၊ လူ့သဘော လူ့သဘာဝနှင့်ပတ်သက်၍လည်းကောင်း သင်ခန်းစာပေးလိုခြင်းကြောင့် ဖြစ်သည်။
4.3,ရေသည်ပြဇာတ်,ဦးပုည၏ ဘဝနိဂုံးက ဘယ်လိုအဆုံးသတ်ခဲ့ရသလဲ။ ဘာကြောင့်လဲ။,"မင်းတုန်းမင်း၏သားတော် မြင်ကွန်း၊ မြင်းခုံတိုင်မင်းသားတို့ ကနောင်မင်းအား ပုန်ကန်မှုတွင်
ဦးပုညက အခါတော်ပေးသည်ဟု မြို့ဝန်ဦးသာအိုးက စွပ်စွဲပြီး အဆုံးစီရင်လိုက်သည်။"
4.3,ရေသည်ပြဇာတ်,ဦးပုညရဲ့ပြဇာတ်တွေဟာ ဖတ်ဖို့၊ ကပြအသုံးတော်ခံဖို့ ရေးဖွဲ့ခဲ့တာအပြင် ဘယ်လိုရည်ရွယ်ချက်တွေပါနေသလဲ။,နန်းတွင်းရေးရာနဲ့ပတ်သက်ပြီး တစ်စုံတစ်ခုသော အသိအမြင်၊ လူ့သဘော၊ လူ့သဘာဝနှင့်ပတ်သက်သော သင်ခန်းစာပေးလိုသော ရည်ရွယ်ချက်ပါရှိနေပါသည်။
4.3,ရေသည်ပြဇာတ်,ဦးပုညက ရေသည်ပြဇာတ်ကို ဘာကြောင့် ရေးခဲ့တာလဲ။,မင်းတုန်းမင်းတရားကြီးနှင့် ညီနော်အိမ်ရှေ့ကနောင်မင်းတို့ စိတ်မကြည်ရှိကြရာမှ ပြန်လည်သင့်မြတ်လာကြသောအခါ အိမ်ရှေ့မင်းတောင်းပန်ဝန်ချခန်းပါသော ရေသည်ပြဇာတ်ကို ဦးပုညအား ရေးသားဆက်သွင်းစေသောကြောင့် ရေးခဲ့ခြင်းဖြစ်သည်။
4.3,ရေသည်ပြဇာတ်,ရေသည်ပြဇာတ်ဟာ ရည်ရွယ်ချက်ပေါက်မြောက်အောင်မြင်ပါသလား။,ရည်ရွယ်ချက် ပေါက်မြောက်အောင်မြင်သည်။
4.3,ရေသည်ပြဇာတ်,ဘာကြောင့် ရည်ရွယ်ချက်အောင်မြင်တယ်လို့ ဆိုနိုင်သလဲ။,ရေသည်ပြဇာတ်ကို မင်းတုန်းမင်းကြီး ဖတ်ရှုရသောအခါ ညီတော်ကနောင်မင်းကို ပိုမိုချစ်ကြည်လာသည်။ ဤပြဇာတ်ကို အထူးနှစ်သက်တော်မူ၍ ရှေ့တော်၌ အခါအခါ အထပ်ထပ် ဖတ်လျှောက်ကပြရသည်ဟု ဆိုသည်။
4.3,ရေသည်ပြဇာတ်,ပြဇာတ်သဘော သဘာဝတွေက ဘာတွေလဲ။,ပြဇာတ်ဟူသည် ကပြရန် ဇာတ်လမ်းတစ်ခုကို ဇာတ်ဆောင်အချင်းချင်း အပြန်အလှန် စကားပြောခန်းများဖြင့် ရေးဖွဲ့သော ရသစာပေအဖွဲ့တစ်မျိုး ဖြစ်သည်။ ရေးဖွဲ့ရာတွင် လင်္ကာဖြင့်လည်းကောင်း၊ စကားပြေဖြင့်လည်းကောင်း ရေးဖွဲ့လေ့ရှိသည်။
4.3,ရေသည်ပြဇာတ်,ဇာတ်လမ်းဆိုတာ ဘာလဲ။,ဘုရားဟောဇာတ်နိပါတ်များမှ အများအားဖြင့် ဇာတ်လမ်းယူ၍ လင်္ကာသွားဖြင့် ရေးဖွဲ့လေ့ရှိသည်။ ဇာတ်ဆောင်တို့၏ အပြန်အလှန်ပြောစကား၊ တစ်ကိုယ်တည်းပြောစကားတို့ဖြင့် ဇာတ်လမ်းဆင် ရေးဖွဲ့လေ့ရှိသည်။
4.3,ရေသည်ပြဇာတ်,ဇာတ်ဆောင်ဆိုတာ ဘာလဲ။,ဇာတ်လမ်းပေါ်လွင်အောင် ပြောဆိုပြုမူလှုပ်ရှားရသူ ဖြစ်သည်။
4.3,ရေသည်ပြဇာတ်,ကာလဒေသနောက်ခံဆိုတာ ဘာလဲ။,ဇာတ်လမ်းပေါ်လွင်အောင် ပြောဆိုပြုမူလှုပ်ရှားရသည့် ဇာတ်ဆောင်တို့၏ ပြောဆိုပြုမူလှုပ်ရှားရာ အချိန်ကာလနှင့် နေရာဒေသတို့ ဖြစ်သည်။
4.3,ရေသည်ပြဇာတ်,အာလုပ်စကားဆိုတာ ဘာလဲ။,ဇာတ်ဆောင်တစ်ဦးက မိမိပြောလိုသော အကြောင်းကိစ္စမပြောခင် ပြောသူက နာသူကို ရည်ညွှန်းခေါ်ဝေါ်လိုက်သည့် စကားဖြစ်သည်။
4.3,ရေသည်ပြဇာတ်,ဆိုင်းဆင့်ပတ်တိုက်စကားဆိုတာ ဘာလဲ။,ဇာတ်ခန်းတစ်ခန်းနှင့်တစ်ခန့် အကူးအပြောင်း၌ ဆိုင်းတီးပေးရန် ပတ်တိုက်ပေးရန် ဆိုင်းဆရာအား ဆင့်ဆိုသောစကား ဖြစ်သည်။
4.3,ရေသည်ပြဇာတ်,ရေသည်ပြဇာတ်၏ ခေတ်ထင်ဟပ်ချက်ကို ဖော်ပြပါ။,ရေသည်ပြဇာတ်တွင် ဗာရာဏသီပြည် အခင်းအကျင်းကို ဖွဲ့ဆိုထားခြင်း မဟုတ်ဘဲ ဦးပုညမြင်တွေ့နေရသော မန္တလေးနေပြည်တော်၏ နောက်ခံတွေကို ထင်ဟပ်ပြနေသည်။
4.3,ရေသည်ပြဇာတ်,ရေသည်ပြဇာတ် ပထမအခန်းမှာပါတဲ့ ဇာတ်ကွက်တွေက ဘာတွေလဲ။,ဗာရာဏသီပြည့်ရှင်မင်းကြီး၏သားတော် ဥဒယကုမ္မာမင်းသား တက္ကသိုလ်ပြည်သို့ ပညာသင်သွားခန်း၊တက္ကသိုလ်ပြည်မှ အပြန်လမ်းစခန်း၌ နားနေသောအခန်းနှင့် ဗာရာဏသီမြို့ မြောက်မျက်နှာက ရေသည်ယောက်ျား စကားဆိုခန်း
4.3,ရေသည်ပြဇာတ်,ဒုတိယအခန်းက ဇာတ်ကွက်က ဘာလဲ။,ဗာရာဏသီမြို့ တောင်မျက်နှာက ရေသည်မိန်းမ စကားဆိုခန်း
4.3,ရေသည်ပြဇာတ်,တတိယအခန်းဇာတ်ကွက်က ဘာလဲ။,တက္ကသိုလ်ပြည်က ပြန်လာသောမင်းသား နေပြည်တော်သို့ရောက်၍ ခမည်းတော်လွန်သောကြောင့် မှူးမတ်တို့က နန်းတင်ရာ နန်းသိမ်းပွဲခံသောအခန်း
4.3,ရေသည်ပြဇာတ်,စတုတ္ထအခန်းက ဇာတ်ကွက်က ဘာလဲ။,ရေသည်ယောက်ျားနှင့် ရေသည်မိန်းမ တွေ့ဆုံခန်း
4.3,ရေသည်ပြဇာတ်,ပဉ္စမခန်းက ဇာတ်ကွက်က ဘာလဲ။,ရေသည်ယောက်ျားနှင့် ဥဒယမင်းကြီး တွေ့ဆုံပြီး ရေသည်ယောက်ျားအား ထီးနန်းတစ်ဝက်ပေး၍ အိမ်ရှေ့မင်းအဖြစ် ချီးမြှောက်ခန်း။ ဥယျာဉ်တော်တွင် အိမ်ရှေ့မင်းက ဥဒယမင်းကြီး အိပ်ပျော်နေစဉ် လုပ်ကြံရန် ကြံစည်ခန်း၊ အိမ်ရှေ့မင်းက ဥဒယမင်းကြီးအား တောင်းပန်ခန်း၊ အိမ်ရှေ့မင်းနှင့် အိမ်ရှေ့မိဖုရားတို့ တောထွက်ခန်း
4.3,ရေသည်ပြဇာတ်,ရေသည်ပြဇာတ် ဇာတ်အဖွင့် ဇာတ်ညွှန်းစကားက ဘာလဲ။,ဗာရာဏသီပြည့်ရှင်မင်းကြီး၏သားတော် ဥဒယကုမ္မာမင်းသား တက္ကသိုလ်ပြည်သို့ ပညာသင်သွားစေ။ တက္ကသိုလ်ပြည်ကအပြန် လမ်းစခန်း၌ နားနေစေ
4.3,ရေသည်ပြဇာတ်,ရေသည်ပြဇာတ်မှာ ဘယ်လိုဇာတ်ပျိုးထားသလဲ။,ရေသည်ယောက်ျားနှင့် ရေသည်မိန်းမ တစ်ကိုယ်တည်း စကားပြောခန်းတို့ဖြင့် ဇာတ်ပျိုးထားသည်။
4.3,ရေသည်ပြဇာတ်,ဇာတ်ပျိုးပိုင်းတွင် ဇာတ်ကွက်ဘယ်နှစ်ကွက် ဖန်တီးထားသလဲ။,ဇာတ်ကွက်နှစ်ကွက် ဖန်တီးထားသည်။
4.3,ရေသည်ပြဇာတ်,နောက်ဆက်လာမယ့်ဇာတ်လမ်းဇာတ်ကွက်ကို ဘယ်လိုကြိုတင်အရိပ်နိမိတ်ပြထားသလဲ။,ရေသည်ယောကျာ်း တစ်ကိုယ်တည်းပြောစကားဖြင့်လည်းကောင်း၊ ရေသည်မိန်းမ တစ်ကိုယ်တည်း ပြောစကားဖြင့်လည်းကောင်း နောက်လာမည်ဇာတ်လမ်းဇာတ်ကွက်အတွက် ကြိုတင်အရိပ်နိမိတ်ပြထားသည်။
4.3,ရေသည်ပြဇာတ်,ရေသည်ယောက်ျားဘဝအခြေအနေ တိုးတက်လာမည်ကို အရိပ်ပြစကားက ဘာလဲ။,""ကံဆိုင်လို့တကယ်၊ ချက်ကောင်းကိုတွယ်မိလျှင်၊ ရေသည်မောင်မောင်၊ လူနေလှလို့၊ ရွှေချသလို ပြောင်လိမ့်မယ် ''
"
4.3,ရေသည်ပြဇာတ်,ဇာတ်နှိုးပိုင်းတွင် ဇာတ်ကွက်ဘယ်နှစ်ကွက် ပါသလဲ။ ဘာတွေလဲ။,ဇာတ်ကွက်နှစ်ကွက်ပါသည်။ တက္ကသိုလ်ပြည်က ပြန်လာသော မင်းသား နေပြည်တော်သို့ရောက်၍ ခမည်းတော်လွန်သောကြောင့် မှူးမတ်တို့က နန်းတင်ရာ နန်းသိမ်းပွဲခံသောအခန်းနှင့် ရေသည်ယောက်ျားနှင့် ရေသည်မိန်းမတို့ တွေ့ဆုံခန်း
4.3,ရေသည်ပြဇာတ်,ရေသည်ပြဇာတ် ဇာတ်ထွတ်ပိုင်း ဇာတ်ကွက်က ဘာတွေလဲ။,ရေသည်ယောက်ျားနှင့် ဥဒယမင်းကြီး တွေ့ဆုံခန်း၊ ရေသည်ယောက်ျားအား ထီးနန်းတစ်ဝက်ပေး၍ အိမ်ရှေ့မင်းအဖြစ် ချီးမြှောက်ခန်း၊ ဥယျာဉ်တော်တွင် ဥဒယမင်းကြီး အိပ်ပျော်စဉ် အိမ်ရှေ့မင်းလုပ်ကြံရန် ကြံစည်ခန်း
4.3,ရေသည်ပြဇာတ်,ဇာတ်ထွတ်ပိုင်းမှာ အားပြိုင်မှုဘယ်နှစ်ခါ ဖန်တီးထားလဲ။ ဘယ်လိုအားပြိုင်မှုတွေလဲ။,"ငွေလေးရွေးကို သွားမယူရန် တားမြစ်ကာ ငွေအဆင့်ဆင့်တိုးပေးပုံ၊ အိမ်ရှေ့မင်းအထိ တိုးပေးပုံ (ရှစ်ရွေး၊ တစ်သောင်း၊ တစ်ကုဋေ၊ အိမ်ရှေ့မင်း ...... ၄ ခါ)
ဥယျာဉ်တော်အတွင်း ဥဒယမင်းကြီးအား အိမ်ရှေ့မင်းကသတ်ရန် ကြံစည်လိုက် ပယ်ဖျက်လိုက် (ပထမအကြိမ်၊ ဒုတိယအကြိမ်၊ တတိယအကြိမ် ၃ ခါ)
ဇာတ်ထွတ်ပိုင်းမှာ အားပြိုင်မှု ၇ ခါ ဖန်တီးထားပါသည်။"
4.3,ရေသည်ပြဇာတ်,မကောင်းတဲ့လောဘစိတ်ကို ပြတဲ့စကားက ဘယ်လိုစကားမျိုးလဲ။,"- လည်တိုင်ကိုဆတ်ဆတ်၊ သန်လျက်နှင့်ဖြတ်ရလျှင်၊ ပတ်တိတ်လို့ပိန်း၊ တစ်ဖက်ရန်ငြိမ်းရောပ
- တစ်ပါးတည်းပိုင်ဆိုင်၊ ဧကရာဇ်မင်းခမ်းနှင့် ရွှေနန်းကိုထိုင်ရအောင် ချိုင်လိုက်တော့မည်လေဟယ်
- တိကနဲဖြတ်၊ ဦးခင်အောင်သတ်လိုက်မှ တစ်ဇာတ်ပြောင်း၍ သူကောင်းဖြစ်တော့မည်လေဟယ်"
4.3,ရေသည်ပြဇာတ်,ကျေးဇူးရှင်ကို မပြစ်မှားသင့်ကြောင်း ကောင်းတဲ့စကားက ဘယ်လိုစကားမျိုးလဲ။,"- ခင်ပွန်းဖျက်လို့၊ ဝက်စားကျင်းကော်၊ ပြုချေသော်၊ တော်နိုင်မည် မထင်ပါဘူးလေဟယ်
- ဘုရားကိုသတ်သကဲ့သို့၊ ကပ်ကမ္ဘာအနန္တတွင်၊ မလွတ်ရအမြဲ၊ အဝီစိအောက်ထပ်မှာ၊ ချိုးကပ်လို့စွဲရော့မယ်
- စိတ်နောက်ကိုယ်ပါ မပြုသာ၊ တိုင်းထွာဦးမှ ကောင်းမလေ"
4.3,ရေသည်ပြဇာတ်,ဥဒယမင်းကြီးကိုနှိုးပြီး တောင်းပန်ချိန်ကို ဇာတ်ဆင်းပိုင်းဟု ထင်ပါသလား။,ဇာတ်ဆင်းပိုင်းဟု ထင်ပါသည်။
4.3,ရေသည်ပြဇာတ်,ဇာတ်သိမ်းပိုင်းဇာတ်ကွက်က ဘာလဲ။,ဥဒယမင်းကြီးကို နှိုးပြီး တောင်းပန်ခန်း၊ အိမ်ရှေ့မင်းနှင့် အိမ်ရှေ့မိဖုရားတို့ တောထွက်ခန်း
4.3,ရေသည်ပြဇာတ်,ရေသည်ပြဇာတ်မှာ ဇာတ်ဆောင်ဘယ်နှစ်ဦးပါသလဲ။,သုံးဦး
4.3,ရေသည်ပြဇာတ်,ရေသည်ယောက်ျားနဲ့ ရေသည်မိန်းမကို ဘဝ ဘယ်နှစ်မျိုး ပုံဖော်ထားသလဲ။,ဘဝနှစ်မျိုး
4.3,ရေသည်ပြဇာတ်,ဇာတ်ဆောင်ဖန်တီးရာမှာ လူ့သဘာဝစရိုက် ဖော်ကျူးရတာဟာ ဘာအဓိက တွေ့ပါလဲ။,ဇာတ်ဆောင်၏ ကိုယ်၊ နှုတ်၊ စိတ်၊ အမူအရာ - ကံ ၃ ပါး အဓိက
4.3,ရေသည်ပြဇာတ်,တစ်ကိုယ်တည်းပြောစကားတွေ အပြန်အလှန်ပြောစကားတွေဟာ ဇာတ်ဆောင်ဖန်တီးမှုအတွက် အရေးပါသလား။,အရေးပါသည်။
4.3,ရေသည်ပြဇာတ်,ရေသည်ယောကျာ်းဟာ တည်ငြိမ်တဲ့ တသမတ်တည်းဖြစ်တဲ့ ဇာတ်ဆောင်ဟု ထင်ပါသလား။,တသမတ်တည်းဖြစ်တဲ့ ဇာတ်ဆောင်မဟုတ်ပါ။
4.3,ရေသည်ပြဇာတ်,ရေသည်ယောကျာ်းနဲ့ ကောင်းတူဆိုးဘက် ခံစားတတ်တဲ့ ဇာတ်ဆောင်က ဘယ်သူလဲ။,ရေသည်မိန်းမ
4.3,ရေသည်ပြဇာတ်,ရေသည်မိန်းမကို တည်ငြိမ်တဲ့ဇာတ်ဆောင်ဟု ထင်ပါသလား။,တည်ငြိမ်တဲ့ဇာတ်ဆောင်ဟု ထင်ပါသည်။
4.3,ရေသည်ပြဇာတ်,ရှင်သန်လှုပ်ရှားပြောင်းလဲနေတဲ့ ဇာတ်ဆောင်က ဘယ်သူလဲ။,ရေသည်ယောက်ျား
4.3,ရေသည်ပြဇာတ်,ဥဒယမင်းကြီးဟာ တည်ငြိမ်တဲ့ဇာတ်ဆောင်လား။,တည်ငြိမ်တဲ့ဇာတ်ဆောင်ဖြစ်သည်။
4.3,ရေသည်ပြဇာတ်,ကာလဒေသနောက်ခံ ဖန်တီးမှုသည် ပြဇာတ်စာပေတွင် အရေးပါသလား။,အရေးပါသည်။
4.3,ရေသည်ပြဇာတ်,ရေသည်ပြဇာတ်မှာ နောက်ခံဒေသတွေက ဘာတွေလဲ။,နေပြည်တော်၊ မြို့မြောက်မျက်နှာ၊ မြို့တောင်မျက်နှာ၊ နန်းတော်နှင့် ဥယျာဉ်တော်
4.3,ရေသည်ပြဇာတ်,ရေသည်ယောက်ျား ပြေးလွှားနေတဲ့နေရာနောက်ခံကို ဖော်ပြတဲ့စကားတွေက ဘာတွေလဲ။,""" ငါဘုရင်သည် ဥကင်ညာမော် နန်းမြင့်ပေါ်က ရွေးတော်ယူပြင်၊ ရုံးရှေ့ခွင်သို့၊ မျက်ရှင်လျှံမောင်း၊ ရွှေမှန်ပြောင်းဖြင့် လမ်းကြောင်းတူရူ၊ ရှုစားတော်မူရာတွင် လူတစ်ယောက်ဟာ၊ အပူမစဲ၊ မီးလောက်ရဲတဲ့ သဲပြင်သာမှာ""
"
4.3,ရေသည်ပြဇာတ်,ရေသည်ပြဇာတ်မှာ အချိန်ကာလကို ဖော်ပြတဲ့ စကားတွေက ဘာတွေလဲ။,"ကိုးမျက်စုံမှန်ဝိုင်းလယ်က ရေသည်ကို နေမမြင့်ရအောင်၊ အိုးပင့်တော်မူလိုက်ပါစမ်း မောင်ကြီးရှင် (ရေသည်မိန်းမ နံနက်စောစော ရေရောင်းထွက်ချိန်)
လူတစ်ယောက်ဟာ အပူမစဲ၊ မီးလောက်ရဲတဲ့ သဲပြင်သာမှာ၊ နေဝါညီးညီး၊ မွန်းတည့်တုန်းနေ၊ အခိုးဝေတဲ့၊ နေပူကြီးမှာ (မွန်းတည့်ချိန်)"
4.3,ရေသည်ပြဇာတ်,ရေသည်မိန်းမရေရောင်းထွက်ချိန်ကို ဖော်ပြတဲ့ ဆိုင်းဆင့်ပတ်တိုက်စကားက ဘာလဲ။,ကိုးမျက်စုံ မှန်ဝိုင်းလယ်က၊ ရေသည်ကို နေမမြင့်ရအောင်၊ အိုးပင့်တော်မူလိုက်စမ်း မောင်ကြီးရှင့်။
4.3,ရေသည်ပြဇာတ်,ရေသည်ယောက်ျား ငွေလေးရွေးယူဖို့ ပြေးလွှားနေချိန်ကို ဖော်ပြတဲ့စကားက ဘယ်သူက ဘယ်သူ့ကို ပြောတာလဲ။,ဥဒယမင်းကြီးက အမတ်ကြီးများအား ပြောသည့်စကား
4.3,ရေသည်ပြဇာတ်,""ခရီးနှယ်ဆန့်ပလေ၊ ရွှေနန်းမြောက်ကို၊ ... တာငန်းဖိုတဲ့မြို့နှစ်ပြန်”ဆိုတဲ့စကားကို ဘယ်သူက၊
ဘယ်သူ့ကို၊ ဘယ်အချိန်၊ ဘယ်နေရာမှာ ဘာကြောင့် ပြောတာလဲ။
",ဥဒယမင်းကြီးက ရေသည်ယောက်ျားကို ရေသည်ယောက်ျားနှင့် ဥဒယမင်းကြီးတို့ တွေ့ဆုံချိန်၊ ဗာရာဏသီမြို့ နန်းတော်ထဲတွင် ငွေလေးရွေးသွားယူမည့် ရေသည်ယောက်ျားအား သနားသောကြောင့် သွားမယူရန် ပြောဆိုသော စကားဖြစ်သည်။
5,အရေးသင်ခန်းစာ,စာရေးစရာကြောင်းအရာဆိုတာ ဘာလဲ။,စာရေးရန် သူ့စေတနာထား တိုက်တွန်းလှုံ့ဆော်ပေးသော အကြောင်းအရာပင်ဖြစ်သည်။
5,အရေးသင်ခန်းစာ,အဲဒီအကြောင်းရာကို ဘယ်ကရသလဲ။,သူရေးရမည့်အကြောင်းအရာကို သူ့စေတနာက ရွေးချယ်ပေးသည်။
5,အရေးသင်ခန်းစာ,နှစ်သက်ရာအကြောင်းအရာတစ်မျိုးစီကို ပြောပြပါ။,"အာဇာနည်ကြီးများကို နှမြောတသလေးစားခြင်း၊ ဝမ်းနည်းခြင်းခံစားမှုက လှုံ့ဆော်ပေးလိုက်သဖြင့် ""အာဇာနည်ခေါင်းဆောင်ကြီးများ”အကြောင်းအရာသည် စာရေးစရာအဖြစ် ပေါ်လာသည်။"
5,အရေးသင်ခန်းစာ,အဲဒီအထဲက ဘယ်အကြောင်းအရာဟာ စာရေးဖို့ကောင်းသလဲ။,ဗိုလ်ချုပ်အောင်ဆန်း၏ဂုဏ်ရည်
5,အရေးသင်ခန်းစာ,ဘယ်အကြောင်းအရာကိုရွေးချယ်ရင် အကောင်းဆုံးဖြစ်မလဲ။,ဗိုလ်ချုပ်အောင်ဆန်း၏ လေးစားဖွယ်စိတ်ဓာတ်
5,အရေးသင်ခန်းစာ,အကြောင်းအရာကို စိတ်ထဲမှာ ဘာနဲ့ကွဲပြီး သိမ်းထားသလဲ။,ခံစားမှုနှင့်ယှဉ်သော အသိတရားနှင့်တွဲပြီး သိမ်းထားမည်ဖြစ်သည်။
5,အရေးသင်ခန်းစာ,ဘယ်လိုအခြေအနေမျိုးမှာ အဲဒီအကြောင်းအရာဟာ ပြန်လည်နိုးကြားလာတတ်သလဲ။,စာရေးသူ၏စိတ်တွင် ပေါ်ပေါက်ခဲ့ဖူးသော ခံစားမှုအသိသည် စိတ်ထောင့်တစ်နေရာမှ တိုက်ဆိုင်မှုဖြင့် ကြုံလာပါက ပြန်လည်နိုးကြားလာပေလိမ့်မည်။
5,အရေးသင်ခန်းစာ,စေတနာက ဘာလုပ်ပေးသလဲ။,သူ့စာသည် သူ့စေတနာက ပဲ့ကိုင်ပေးသည့်အတိုင်း ရွေးချယ်ဖော်ထုတ်ပေးမည်ဖြစ်သည်။
5,အရေးသင်ခန်းစာ,စာရေးမည့်အကြောင်းအရာကို ဘာဖြစ်လို့ နယ်နိမိတ်ကန့်သတ်ရသလဲ။,အကြောင်းအရာသိသမျှ အကုန်ရေး၍ မဖြစ်နိုင်သဖြင့် မည်သည့်အပိုင်းကို အားပြုဖော်ပြရမည်။ မည်သည့်ထောင့်ကကြည့်၍ ဖော်ပြမည် စသည်ဖြင့် နယိနိမိတ်ကန့်သတ်ရသည်။
5,အရေးသင်ခန်းစာ,နှစ်သက်ရာအကြောင်းအရာ နယ်နိမိတ်တစ်မျိုးစီကို ဖော်ပြပါ။,"-        မြန်မာတို့၏ပွဲတော်များ
-        မြန်မာတို့၏ ဘာသာရေးပွဲတော်များ
-        မြန်မာတို့၏ ရိုးရာယဉ်ကျေးမှုပွဲတော်များ
-        မြန်မာ့သင်္ကြန်ပွဲ
"
5,အရေးသင်ခန်းစာ,အဲဒီအထဲက ဘယ်အကြောင်းအရာပွဲဟာ စာရေးဖို့ကောင်းသလဲ။,မြန်မာလူမျိုးတိုင်း နှစ်သက်ပျော်ရွှင်ကြသည့် "မြန်မာ့သင်္ကြန်ပွဲ”
5,အရေးသင်ခန်းစာ,အချက်အလက်စီစဉ်မှုဆိုတာ ဘာလဲ။,စကားပြေအဖွဲ့တစ်ခုတွင် ပါဝင်မည့်အချက်အလက်များသည် သူ့နေရာနှင့်သူ အစီအစဉ်တကျ ရှိမှသာ စာဖတ်သူ အခက်အခဲမရှိ နားလည်နိုင်မည်။
5,အရေးသင်ခန်းစာ,အချက်အလက်စီစဉ်မှုဟာ ဘာကြောင့် အရေးပါသလဲ။,အချက်အလက်များ မည်မျှစိတ်ဝင်စားဖွယ်ကောင်းသည်ဖြစ်စေ စီစဉ်ပုံနေရာမကျလျှင် စာဖတ်သူ၏စိတ်ထဲမှာ ရှုပ်ထွေးသွားနိုင်ပြီး စိတ်ဝင်စားမှု ပျက်ပြားသွားနိုင်စေသောကြောင့် ဖြစ်သည်။
5,အရေးသင်ခန်းစာ,နှစ်သက်ရာအကြောင်းအရာတစ်မျိုးစီကို ကာလစဉ်အတိုင်း ပြောပြပါ။,""မုန်တိုင်းထန်သောနေ့တစ်နေ့""
- ကောင်းကင်ပြင်၌ တိမ်ညိုတိမ်မဲများ ထူထပ်စွာ ဖြစ်ပေါ်နေသည်။
- ပင်လယ်ပြင်၌ လှိုင်းကြီးစွာ ဖြစ်ပေါ်နေသည်။
- ပင်လယ်ရေပြင်လေသည် တစ်နာရီ မိုင် ၈ဝ ခန့်ရှိနေသည်။
- ကျေးငှက်တိရစ္ဆာန်များ ရုတ်ရုတ်သဲသဲ အိပ်တန်းဝင်နေကြသည်။
- မြေပြင်၌ လေအေးများ ပြင်းထန်စွာ တိုက်ခတ်နေကြသည်။
- သစ်ပင်များ ယိမ်းထိုးနေကြသည်။
- လေရော မိုးပါ သည်းထန်းစွာ ရွာသွန်းနေသည်။
"
5,အရေးသင်ခန်းစာ,နှစ်သက်ရာ အကြောင်းအရာတစ်မျိုးစီကို အစိတ်အပိုင်းစဉ်အတိုင်း ပြောပြပါ။,""အင်းလေးကန်သို့ ဘုရားဖူးခရီးစဉ်”
- စက်လှေများငှားကာ အင်းလေးကန်သို့ ခရီးစတင်ထွက်ခဲ့သည်။
- ကန်ရေပြင်၏ ကျယ်ပြောလှသော သဘာဝရှုခင်းများ
- ကျွန်းမြောများ၊ စိုက်ခင်းများကို ဖြတ်ကျော်လာခဲ့ကြသည်။
- ဖောင်တော်ဦးစေတီကို အဝေးမှ မှိုင်းပြပြဖူးမြင်နေရပြီ။
- ဘုရားရင်ပြင်နား စက်လှေဆိပ်မှဆင်းကာ ဘုရားပေါ်တက်ကြသည်။
- ဘုရားရင်ပြင်အတွင်း၌ ပစ္စည်းမျိုးစုံ ဆိုင်မျိုးစုံကို ဖြတ်ကျော်လာကြသည်။
ဘုရားပေါ်သို့ရောက်ကြပြီး ဖောင်တော်ဦးဘုရားကို ရှိခိုးပူဇော်ကြသည်။
- ပန်း၊ ဆီမီး၊ ရေချမ်း၊ သစ်သီးဆွမ်းများ ဆပ်ကပ်လှူပူဇော်ကြသည်။
- ပုတီးစိပ်သူ စိပ်၊ တရားထိုင်သူ ထိုင်၊ ဂါထာတော်များ ရွတ်ဖတ်ပူဇော်ကြသည်။
- နေ့လယ်စာ ရှမ်းရိုးရာ အစားအစာများစားကာ ပြန်လာကြသည်။"
5,အရေးသင်ခန်းစာ,အချက်အလက်စီစဉ်ပုံ အမျိုးမျိုးကို ဖော်ပြပါ။,ကာလစဉ်၊ အစိတ်အပိုင်းစဉ်၊ ယုတ္တိစဉ်၊ အရေးပါမှုအစဉ်၊ စိတ်ဝင်စားမှုအစဉ်တို့ ဖြစ်ကြသည်။
5,အရေးသင်ခန်းစာ,ယုတ္တိစဉ်ဆိုသည်မှာ အဘယ်နည်း။,အကြောင်းအကျိုး ဆက်စပ်တင်ပြရသည့် အကြောင်းအရာမျိုးတွင် အကြောင်းမှအကျိုးသို့၊ အကျိုးမှအကြောင်းသို့ ယေဘုယျသဘောမှ ဝိသေသသဘောသို့ ဝိသေသသဘောမှ ယေဘုယျသဘောသို့ ဆက်စပ်ပြကာ စီစဉ်ပုံမျိုးဖြစ်သည်။
5,အရေးသင်ခန်းစာ,အရေးပါမှုအစဉ်ဆိုသည်မှာ အဘယ်နည်း။,အရေးပါမှုကို တဖြည်းဖြည်းထင်ရှားစေလိုသည့် အကြောင်းအရာမျိုးတွင် အရေးမကြီးဆုံးအချက်မှ အရေးအကြီးဆုံးအချက်သို့၊ မထင်ရှားဆုံးအချက်မှ အထင်ရှားဆုံးအချက်သို့ရောက်အောင် တစ်ဆင့်ပြီးတစ်ဆင့်စီစဉ်ပုံမျိုးကို ခေါ်သည်။
5,အရေးသင်ခန်းစာ,စိတ်ဝင်စားမှုအစဉ်ဆိုသည်မှာ အဘယ်နည်း။,စာဖတ်သူစိတ်ဝင်စားလာအောင် ဆွဲဆောင်ရသည့် အကြောင်းအရာမျိုးတွင် အရှင်းမှအရှုပ်သို့၊ မရင်းနှီးသောအကြောင်းအရာမှ ရင်းနှီးသောကြောင်းအရာသို့ စသည်ဖြင့် စာဖတ်သူကို တဖြည်းဖြည်း ဆွဲဆောင်သည့် အစီအစဉ်မျိုးကို ခေါ်သည်။
5,အရေးသင်ခန်းစာ,စည်းလုံးညီညွတ်မှုသဘောဆိုတာ ဘာလဲ။,စာတစ်ပုဒ်တွင် အချက်အလက်အားလုံး ပေါင်းစည်းဆက်စပ်နေခြင်းသည် စည်းလုံးညီညွတ်သည့်သဘောဖြစ်သည်။
5,အရေးသင်ခန်းစာ,အဆက်အစပ်ပြေပြစ်မှုသဘောဆိုတာ ဘာလဲ။,စာတစ်ပိုဒ်တွင် ပါဝင်သော အချက်အလက်များ တစ်ခုနှင့်တစ်ခု အဆင်ပြေပြေ ဆက်စပ်နေခြင်း၊ အတွဲအဖက် မှန်ကန်ခြင်း၊ လိုက်ဖက်မှုရှိခြင်းပင် ဖြစ်သည်။
5,အရေးသင်ခန်းစာ,အနေအထားမှန်ကန်မှုသဘောဆိုတာ ဘာလဲ။,စာတစ်ပိုဒ်တွင်ပါဝင်သော အချက်အလက်များ သူ့နေရာနှင့်သူ ရှိသင့်သောနေရာများမှာ အံဝင်ခွင်ကျရှိနေခြင်းပင် ဖြစ်ပါသည်။
5,အရေးသင်ခန်းစာ,အနေအထားမှန်ကန်မှုသဘောဟာ ဘယ်အကြောင်းအရာနဲ့ ဆက်စပ်နေသလဲ။,အရေးပါမှုနှင့် ဆက်စပ်နေပါသည်။ အရေးပါမှုအတိုင်း အလေးပေးသင့်သည့်အချက်ကို အလေးပေးပြီး မှိန်သင့်သည့်အချက်ကို မှိန်ထားမှသာ စာဖတ်သူသည် အလေးပေးထားသောအချက်ကို အာရုံစူးစိုက်မိမည် ဖြစ်သည်။
5,အရေးသင်ခန်းစာ,နှစ်သက်ရာအကြောင်းအရာတစ်မျိုးစီကို အနေအထားမှန်ကန်အောင် ပြောပြပါ။,ကျောင်းသားကျောင်းသူတို့သည် ကျောင်းကို မှန်မှန်တက်ရမည်။ နေ့စဉ်သင်ကြားသမျှစာတို့ကို ပြန်လည်လေ့ကျင့်ကျက်မှတ်ခြင်းဖြင့် စာကို လိုက်နိုင်မည်ဖြစ်သည်။ မသိသည်တို့ကို ဆရာအားမေးမြန်းခြင်းဖြင့် အခက်အခဲမရှိ တတ်သိနားလည်မည်ဖြစ်သည်။ ဤသို့ ပုံမှန်ကြိုးစားပါက စာမေးပွဲ၌ ထူးချွန်စွာ ဖြေဆိုအောင်မြင်သူတစ်ဦး ဖြစ်လာပေမည်။
5,အရေးသင်ခန်းစာ,ခေတ်သွင်ပြင်ဆိုတာ ဘာလဲ။,ခေတ်တစ်ခေတ်မှာ ယေဘုယျအားဖြင့် တွေ့ရတဲ့သွင်ပြင်လက္ခဏာဖြစ်သည်။
5,အရေးသင်ခန်းစာ,ခေတ်သွင်ပြင်ကို လေ့လာချင်ရင် ဘာသာစကားရဲ့ဘယ်ဟန်တွေကို ကြည့်ရသလဲ။,ဘာသာစကားရဲ့ စကားပြေဟန်တွေကို ကြည့်ရသည်။
5,အရေးသင်ခန်းစာ,နှစ်သက်ရာ ပုဂံခေတ်စကားအသုံးတစ်ခု သို့မဟုတ် အင်းဝခေတ်စကားအသုံးတစ်ခုကို ဖော်ပြပါ။,ပယ်မယား - ပုဂံခေတ်အသုံးအနှုန်း
5,အရေးသင်ခန်းစာ,နှစ်သက်ရာ ပုဂံခေတ် ဝါကျဖွဲ့ဟန်တစ်ခု သို့မဟုတ် အင်းဝခေတ် ဝါကျဖွဲ့ဟန် တစ်ခုကို ပြောပြပါ။,"""ထိုမင်းကား ကျွန်သုံးရွာတည်း ပယ်မယားအား ပေး၏။''"
5,အရေးသင်ခန်းစာ,စာရေးသူ၏ ပင်ကိုစရိုက်သွင်ပြင်ဆိုတာ ဘာလဲ။,စာရေးသူတစ်ဦး၏ ပင်ကိုတွေးပုံ၊ ခံစားပုံ၊ ရေးပုံဟူသော ပင်ကိုလက္ခဏာအရ သူ့ရေးဟန်သည်သူ့ပင်ကိုစရိုက်သွင်ပြင် ဖြစ်သည်။
5,အရေးသင်ခန်းစာ,စာရေးသူရဲ့ ပင်ကိုစရိုက်သွင်ပြင်ကို လေ့လာချင်ရင် ဘာသာစကားရဲ့ ဘယ်ဟန်တွေကို ကြည့်ရသလဲ။,ဘာသာစကားရဲ့ ရေးဟန်တွေကို ကြည့်ရသည်။
5,အရေးသင်ခန်းစာ,စကားပြေရေဟန်ကောင်း၏ အခြေခံလက္ခဏာများကို ဖော်ပြပါ။,ရှင်းလင်းမှု၊ တိကျမှု၊ ကျစ်လျစ်မှု၊ ပြေပြစ်မှု၊ လိုက်ဖက်မှုတို့သည် စကားပြေရေးဟန်ကောင်း၏ အခြေခံလက္ခဏာများ ဖြစ်သည်။